,,,,,,,,,,,,,,,,,,,,,,,,,,,,,,,,,,,,,,,,,,,,,,,,,,,,,
event,code,제품,date,유입,장바구니,구매,장바구니 전환율,구매 전환율,,event,date,유입,장바구니,구매,장바구니 전환율,구매 전환율,,event,date,유입,장바구니,구매,장바구니 전환율,구매 전환율,,,,,,,,,,,,,,,,,,,,,,,,,,,,,
,1200967033,NAD아이크림(더블),07월 30일,"4,771",34,1,0.71%,0.02%,,,06월 29일,,,,,,,,04월 29일,,,,,,,,,,,,,,,,,,,,,,,,,,,,,,,,,,
,1193919062,콜겔 미스트,07월 30일,759,44,3,5.80%,0.40%,,,06월 29일,"2,918",37,5,1.27%,0.17%,,,04월 29일,"2,417",50,0,2.07%,0.00%,,,,,,,,,,,,,,,,,,,,,,,,,,,,,
,1043733766,3D리필기획 1&2,07월 30일,"4,004",64,7,1.60%,0.17%,,,06월 29일,"6,652",50,10,0.75%,0.15%,,,04월 29일,854,72,20,8.43%,2.34%,,,,,,,,,,,,,,,,,,,,,,,,,,,,,
,1043733836,콜라겐크림(+더블),07월 30일,235,40,4,17.02%,1.70%,,,06월 29일,173,19,5,10.98%,2.89%,,,04월 29일,258,41,17,15.89%,6.59%,,,,,,,,,,,,,,,,,,,,,,,,,,,,,
,1184844785,NAD단품(+세트),07월 30일,"1,243",36,7,2.90%,0.56%,,,06월 29일,"2,228",39,4,1.75%,0.18%,,,04월 29일,357,33,7,9.24%,1.96%,,,,,,,,,,,,,,,,,,,,,,,,,,,,,
,1043733776,아이크림,07월 30일,223,25,7,11.21%,3.14%,,,06월 29일,"1,385",23,9,1.66%,0.65%,,,04월 29일,269,45,12,16.73%,4.46%,,,,,,,,,,,,,,,,,,,,,,,,,,,,,
,1200967033,NAD아이크림(더블),07월 31일,"4,609",43,1,0.93%,0.02%,,,06월 30일,,,,,,,,04월 30일,,,,,,,,,,,,,,,,,,,,,,,,,,,,,,,,,,
,1193919062,콜겔 미스트,07월 31일,657,42,5,6.39%,0.76%,,,06월 30일,"3,815",33,3,0.87%,0.08%,,,04월 30일,"2,938",128,7,4.36%,0.24%,,,,,,,,,,,,,,,,,,,,,,,,,,,,,
,1043733766,3D리필기획 1&2,07월 31일,"4,411",60,10,1.36%,0.23%,,,06월 30일,"7,147",42,5,0.59%,0.07%,,,04월 30일,888,66,10,7.43%,1.13%,,,,,,,,,,,,,,,,,,,,,,,,,,,,,
,1043733836,콜라겐크림(+더블),07월 31일,232,43,7,18.53%,3.02%,,,06월 30일,216,30,6,13.89%,2.78%,,,04월 30일,292,40,10,13.70%,3.42%,,,,,,,,,,,,,,,,,,,,,,,,,,,,,
,1184844785,NAD단품(+세트),07월 31일,848,37,5,4.36%,0.59%,,,06월 30일,"2,960",33,4,1.11%,0.14%,,,04월 30일,379,21,2,5.54%,0.53%,,,,,,,,,,,,,,,,,,,,,,,,,,,,,
,1043733776,아이크림,07월 31일,248,25,2,10.08%,0.81%,,,06월 30일,"1,772",19,5,1.07%,0.28%,,,04월 30일,310,50,10,16.13%,3.23%,,,,,,,,,,,,,,,,,,,,,,,,,,,,,
2608 MEGAPO,1200967033,NAD아이크림(더블),08월 01일,"8,902",736,244,8.27%,2.74%,,2607 MEGAPO,07월 01일,,,,,,,2605 MEGAPO,05월 01일,,,,,,,,,,,,,,,,,,,,,,,,,,,,,,,,,,
2608 MEGAPO,1193919062,콜겔 미스트,08월 01일,"1,528",223,77,14.59%,5.04%,,2607 MEGAPO,07월 01일,"8,843",252,87,2.85%,0.98%,,2605 MEGAPO,05월 01일,"14,758","2,854","1,775",19.34%,12.03%,,,,,,,,,,,,,,,,,,,,,,,,,,,,,
2608 MEGAPO,1043733766,3D리필기획 1&2,08월 01일,"15,891",584,264,3.68%,1.66%,,2607 MEGAPO,07월 01일,"11,427",303,135,2.65%,1.18%,,2605 MEGAPO,05월 01일,"3,335",355,125,10.64%,3.75%,,,,,,,,,,,,,,,,,,,,,,,,,,,,,
2608 MEGAPO,1043733836,콜라겐크림(+더블),08월 01일,691,162,83,23.44%,12.01%,,2607 MEGAPO,07월 01일,558,134,55,24.01%,9.86%,,2605 MEGAPO,05월 01일,948,202,95,21.31%,10.02%,,,,,,,,,,,,,,,,,,,,,,,,,,,,,
2608 MEGAPO,1184844785,NAD단품(+세트),08월 01일,"1,793",158,68,8.81%,3.79%,,2607 MEGAPO,07월 01일,"3,845",224,84,5.83%,2.18%,,2605 MEGAPO,05월 01일,877,124,62,14.14%,7.07%,,,,,,,,,,,,,,,,,,,,,,,,,,,,,
2608 MEGAPO,1043733776,아이크림,08월 01일,798,128,43,16.04%,5.39%,,2607 MEGAPO,07월 01일,"2,798",138,64,4.93%,2.29%,,2605 MEGAPO,05월 01일,626,159,85,25.40%,13.58%,,,,,,,,,,,,,,,,,,,,,,,,,,,,,
2608 MEGAPO,1200967033,NAD아이크림(더블),08월 02일,"9,288","2,764","1,861",29.76%,20.04%,,2607 MEGAPO,07월 02일,,,,,,,2605 MEGAPO,05월 02일,,,,,,,,,,,,,,,,,,,,,,,,,,,,,,,,,,
2608 MEGAPO,1193919062,콜겔 미스트,08월 02일,"1,350",116,42,8.59%,3.11%,,2607 MEGAPO,07월 02일,"4,296",176,57,4.10%,1.33%,,2605 MEGAPO,05월 02일,"12,063","1,289",712,10.69%,5.90%,,,,,,,,,,,,,,,,,,,,,,,,,,,,,
2608 MEGAPO,1043733766,3D리필기획 1&2,08월 02일,"10,371",252,129,2.43%,1.24%,,2607 MEGAPO,07월 02일,"5,345",435,125,8.14%,2.34%,,2605 MEGAPO,05월 02일,"1,751",202,79,11.54%,4.51%,,,,,,,,,,,,,,,,,,,,,,,,,,,,,
2608 MEGAPO,1043733836,콜라겐크림(+더블),08월 02일,680,136,62,20.00%,9.12%,,2607 MEGAPO,07월 02일,450,102,48,22.67%,10.67%,,2605 MEGAPO,05월 02일,744,149,65,20.03%,8.74%,,,,,,,,,,,,,,,,,,,,,,,,,,,,,
2608 MEGAPO,1184844785,NAD단품(+세트),08월 02일,"2,129",302,111,14.19%,5.21%,,2607 MEGAPO,07월 02일,"1,943",235,75,12.09%,3.86%,,2605 MEGAPO,05월 02일,733,101,45,13.78%,6.14%,,,,,,,,,,,,,,,,,,,,,,,,,,,,,
2608 MEGAPO,1043733776,아이크림,08월 02일,795,106,27,13.33%,3.40%,,2607 MEGAPO,07월 02일,"1,162",95,54,8.18%,4.65%,,2605 MEGAPO,05월 02일,508,107,45,21.06%,8.86%,,,,,,,,,,,,,,,,,,,,,,,,,,,,,
2608 MEGAPO,1200967033,NAD아이크림(더블),08월 03일,"4,043",460,170,11.38%,4.20%,,2607 MEGAPO,07월 03일,,,,,,,2605 MEGAPO,05월 03일,,,,,,,,,,,,,,,,,,,,,,,,,,,,,,,,,,
2608 MEGAPO,1193919062,콜겔 미스트,08월 03일,579,65,21,11.23%,3.63%,,2607 MEGAPO,07월 03일,"1,902",132,40,6.94%,2.10%,,2605 MEGAPO,05월 03일,"7,500",672,275,8.96%,3.67%,,,,,,,,,,,,,,,,,,,,,,,,,,,,,
2608 MEGAPO,1043733766,3D리필기획 1&2,08월 03일,"5,077",422,197,8.31%,3.88%,,2607 MEGAPO,07월 03일,"1,954",167,84,8.55%,4.30%,,2605 MEGAPO,05월 03일,"1,503",160,80,10.65%,5.32%,,,,,,,,,,,,,,,,,,,,,,,,,,,,,
2608 MEGAPO,1043733836,콜라겐크림(+더블),08월 03일,411,93,43,22.63%,10.46%,,2607 MEGAPO,07월 03일,345,81,47,23.48%,13.62%,,2605 MEGAPO,05월 03일,532,112,47,21.05%,8.83%,,,,,,,,,,,,,,,,,,,,,,,,,,,,,
2608 MEGAPO,1184844785,NAD단품(+세트),08월 03일,823,125,48,15.19%,5.83%,,2607 MEGAPO,07월 03일,"1,275",149,69,11.69%,5.41%,,2605 MEGAPO,05월 03일,625,88,44,14.08%,7.04%,,,,,,,,,,,,,,,,,,,,,,,,,,,,,
2608 MEGAPO,1043733776,아이크림,08월 03일,516,73,15,14.15%,2.91%,,2607 MEGAPO,07월 03일,"1,013",73,31,7.21%,3.06%,,2605 MEGAPO,05월 03일,467,109,54,23.34%,11.56%,,,,,,,,,,,,,,,,,,,,,,,,,,,,,
2608 MEGAPO,1200967033,NAD아이크림(더블),08월 04일,"2,968",366,115,12.33%,3.87%,,2607 MEGAPO,07월 04일,,,,,,,2605 MEGAPO,05월 04일,,,,,,,,,,,,,,,,,,,,,,,,,,,,,,,,,,
2608 MEGAPO,1193919062,콜겔 미스트,08월 04일,598,51,16,8.53%,2.68%,,2607 MEGAPO,07월 04일,"1,920",155,50,8.07%,2.60%,,2605 MEGAPO,05월 04일,"6,843",580,241,8.48%,3.52%,,,,,,,,,,,,,,,,,,,,,,,,,,,,,
2608 MEGAPO,1043733766,3D리필기획 1&2,08월 04일,"1,988",183,61,9.21%,3.07%,,2607 MEGAPO,07월 04일,"5,850",264,121,4.51%,2.07%,,2605 MEGAPO,05월 04일,"2,001",237,101,11.84%,5.05%,,,,,,,,,,,,,,,,,,,,,,,,,,,,,
2608 MEGAPO,1043733836,콜라겐크림(+더블),08월 04일,413,94,48,22.76%,11.62%,,2607 MEGAPO,07월 04일,372,79,33,21.24%,8.87%,,2605 MEGAPO,05월 04일,486,100,42,20.58%,8.64%,,,,,,,,,,,,,,,,,,,,,,,,,,,,,
2608 MEGAPO,1184844785,NAD단품(+세트),08월 04일,803,102,43,5.35,5.35%,,2607 MEGAPO,07월 04일,"1,257",166,67,13.21%,5.33%,,2605 MEGAPO,05월 04일,581,78,31,13.43%,5.34%,,,,,,,,,,,,,,,,,,,,,,,,,,,,,
2608 MEGAPO,1043733776,아이크림,08월 04일,642,139,58,21.65%,9.03%,,2607 MEGAPO,07월 04일,"1,156",102,40,8.82%,3.46%,,2605 MEGAPO,05월 04일,492,116,52,23.58%,10.57%,,,,,,,,,,,,,,,,,,,,,,,,,,,,,
2608 MEGAPO,1200967033,NAD아이크림(더블),08월 05일,"3,406",561,267,16.47%,7.84%,,2607 MEGAPO,07월 05일,,,,,,,2605 MEGAPO,05월 05일,,,,,,,,,,,,,,,,,,,,,,,,,,,,,,,,,,
2608 MEGAPO,1193919062,콜겔 미스트,08월 05일,583,55,20,1.61%,0.59%,,2607 MEGAPO,07월 05일,"1,823",130,41,7.13%,2.25%,,2605 MEGAPO,05월 05일,"6,875",706,269,10.27%,3.91%,,,,,,,,,,,,,,,,,,,,,,,,,,,,,
2608 MEGAPO,1043733766,3D리필기획 1&2,08월 05일,"1,801",162,68,9.00%,3.78%,,2607 MEGAPO,07월 05일,"6,850",241,102,3.52%,1.49%,,2605 MEGAPO,05월 05일,"1,235",170,59,13.77%,4.78%,,,,,,,,,,,,,,,,,,,,,,,,,,,,,
2608 MEGAPO,1043733836,콜라겐크림(+더블),08월 05일,400,73,39,18.25%,9.75%,,2607 MEGAPO,07월 05일,384,83,37,21.61%,9.64%,,2605 MEGAPO,05월 05일,472,129,54,27.33%,11.44%,,,,,,,,,,,,,,,,,,,,,,,,,,,,,
2608 MEGAPO,1184844785,NAD단품(+세트),08월 05일,750,89,41,11.87%,5.47%,,2607 MEGAPO,07월 05일,"1,111",191,65,17.19%,5.85%,,2605 MEGAPO,05월 05일,582,69,35,11.86%,6.01%,,,,,,,,,,,,,,,,,,,,,,,,,,,,,
2608 MEGAPO,1043733776,아이크림,08월 05일,482,60,13,12.45%,2.70%,,2607 MEGAPO,07월 05일,951,103,45,10.83%,4.73%,,2605 MEGAPO,05월 05일,482,107,56,22.20%,11.62%,,,,,,,,,,,,,,,,,,,,,,,,,,,  ,, 
2608 MEGAPO,1200967033,NAD아이크림(더블),08월 06일,"2,923",349,150,11.94%,5.13%,,2607 MEGAPO,07월 06일,,,,,,,2605 MEGAPO,05월 06일,,,,,,,,,,,,,,,,,,,,,,,,,,,,,,,,,,
2608 MEGAPO,1193919062,콜겔 미스트,08월 06일,491,62,22,12.63%,4.48%,,2607 MEGAPO,07월 06일,"1,410",96,27,6.81%,1.91%,,2605 MEGAPO,05월 06일,"5,964",551,238,9.24%,3.99%,,,,,,,,,,,,,,,,,,,,,,,,,,,,,
2608 MEGAPO,1043733766,3D리필기획 1&2,08월 06일,"1,539",167,65,10.85%,4.22%,,2607 MEGAPO,07월 06일,"7,926",168,79,2.12%,1.00%,,2605 MEGAPO,05월 06일,"1,146",173,98,15.10%,8.55%,,,,,,,,,,,,,,,,,,,,,,,,,,,,,
2608 MEGAPO,1043733836,콜라겐크림(+더블),08월 06일,436,86,37,19.72%,8.49%,,2607 MEGAPO,07월 06일,326,69,35,21.17%,10.74%,,2605 MEGAPO,05월 06일,519,113,60,21.77%,11.56%,,,,,,,,,,,,,,,,,,,,,,,,,,,,,
2608 MEGAPO,1184844785,NAD단품(+세트),08월 06일,723,74,34,10.24%,4.70%,,2607 MEGAPO,07월 06일,873,144,58,16.49%,6.64%,,2605 MEGAPO,05월 06일,585,66,33,11.28%,5.64%,,,,,,,,,,,,,,,,,,,,,,,,,,,,,
2608 MEGAPO,1043733776,아이크림,08월 06일,488,77,33,15.78%,6.76%,,2607 MEGAPO,07월 06일,508,82,43,16.14%,8.46%,,2605 MEGAPO,05월 06일,522,111,61,21.26%,11.69%,,,,,,,,,,,,,,,,,,,,,,,,,,,,,
2608 MEGAPO,1200967033,NAD아이크림(더블),08월 07일,"2,718",379,135,13.94%,4.97%,,2607 MEGAPO,07월 07일,,,,,,,2605 MEGAPO,05월 07일,,,,,,,,,,,,,,,,,,,,,,,,,,,,,,,,,,
2608 MEGAPO,1193919062,콜겔 미스트,08월 07일,482,52,14,10.79%,2.90%,,2607 MEGAPO,07월 07일,"1,442",85,25,5.89%,1.73%,,2605 MEGAPO,05월 07일,"4,831",428,179,8.86%,3.71%,,,,,,,,,,,,,,,,,,,,,,,,,,,,,
2608 MEGAPO,1043733766,3D리필기획 1&2,08월 07일,"1,690",167,60,9.88%,3.55%,,2607 MEGAPO,07월 07일,"5,543",191,66,3.45%,1.19%,,2605 MEGAPO,05월 07일,"1,494",194,71,12.99%,4.75%,,,,,,,,,,,,,,,,,,,,,,,,,,,,,
2608 MEGAPO,1043733836,콜라겐크림(+더블),08월 07일,572,145,65,25.35%,11.36%,,2607 MEGAPO,07월 07일,366,59,26,16.12%,7.10%,,2605 MEGAPO,05월 07일,371,71,43,19.14%,11.59%,,,,,,,,,,,,,,,,,,,,,,,,,,,,,
2608 MEGAPO,1184844785,NAD단품(+세트),08월 07일,815,77,35,9.45%,4.29%,,2607 MEGAPO,07월 07일,691,104,41,15.05%,5.93%,,2605 MEGAPO,05월 07일,444,52,28,11.71%,6.31%,,,,,,,,,,,,,,,,,,,,,,,,,,,,,
2608 MEGAPO,1043733776,아이크림,08월 07일,452,75,16,16.59%,3.54%,,2607 MEGAPO,07월 07일,483,86,30,17.81%,6.21%,,2605 MEGAPO,05월 07일,348,61,34,17.53%,9.77%,,,,,,,,,,,,,,,,,,,,,,,,,,,,,
2608 MEGAPO,1200967033,NAD아이크림(더블),08월 08일,"3,109",403,163,12.96%,5.24%,,2607 MEGAPO,07월 08일,,,,,,,2605 MEGAPO,05월 08일,,,,,,,,,,,,,,,,,,,,,,,,,,,,,,,,,,
2608 MEGAPO,1193919062,콜겔 미스트,08월 08일,551,57,28,10.34%,5.08%,,2607 MEGAPO,07월 08일,"1,422",91,34,6.40%,2.39%,,2605 MEGAPO,05월 08일,"3,178",421,222,13.25%,6.99%,,,,,,,,,,,,,,,,,,,,,,,,,,,,,
2608 MEGAPO,1043733766,3D리필기획 1&2,08월 08일,"1,890",193,80,10.21%,4.23%,,2607 MEGAPO,07월 08일,"5,038",170,83,3.37%,1.65%,,2605 MEGAPO,05월 08일,896,141,76,15.74%,8.48%,,,,,,,,,,,,,,,,,,,,,,,,,,,,,
2608 MEGAPO,1043733836,콜라겐크림(+더블),08월 08일,413,77,40,18.64%,9.69%,,2607 MEGAPO,07월 08일,334,68,29,20.36%,8.68%,,2605 MEGAPO,05월 08일,341,78,53,22.87%,15.54%,,,,,,,,,,,,,,,,,,,,,,,,,,,,,
2608 MEGAPO,1184844785,NAD단품(+세트),08월 08일,842,98,39,11.64%,4.63%,,2607 MEGAPO,07월 08일,851,168,41,19.74%,4.82%,,2605 MEGAPO,05월 08일,356,31,26,8.71%,7.30%,,,,,,,,,,,,,,,,,,,,,,,,,,,,,
2608 MEGAPO,1043733776,아이크림,08월 08일,420,76,27,18.10%,6.43%,,2607 MEGAPO,07월 08일,461,71,33,15.40%,7.16%,,2605 MEGAPO,05월 08일,336,63,39,18.75%,11.61%,,,,,,,,,,,,,,,,,,,,,,,,,,,,,
2608 MEGAPO,1200967033,NAD아이크림(더블),08월 09일,"3,978",635,367,15.96%,9.23%,,2607 MEGAPO,07월 09일,,,,,,,2605 MEGAPO,05월 09일,,,,,,,,,,,,,,,,,,,,,,,,,,,,,,,,,,
2608 MEGAPO,1193919062,콜겔 미스트,08월 09일,654,68,32,10.40%,4.89%,,2607 MEGAPO,07월 09일,"2,065",163,65,7.89%,3.15%,,2605 MEGAPO,05월 09일,"5,960",957,607,16.06%,10.18%,,,,,,,,,,,,,,,,,,,,,,,,,,,,,
2608 MEGAPO,1043733766,3D리필기획 1&2,08월 09일,"2,201",349,196,15.86%,8.91%,,2607 MEGAPO,07월 09일,"11,977",217,110,1.81%,0.92%,,2605 MEGAPO,05월 09일,"1,165",189,127,16.22%,10.90%,,,,,,,,,,,,,,,,,,,,,,,,,,,,,
2608 MEGAPO,1043733836,콜라겐크림(+더블),08월 09일,470,109,59,23.19%,12.55%,,2607 MEGAPO,07월 09일,344,94,49,27.33%,14.24%,,2605 MEGAPO,05월 09일,530,129,96,24.34%,18.11%,,,,,,,,,,,,,,,,,,,,,,,,,,,,,
2608 MEGAPO,1184844785,NAD단품(+세트),08월 09일,"1,232",105,66,8.52%,5.36%,,2607 MEGAPO,07월 09일,"11,290",325,126,2.88%,1.12%,,2605 MEGAPO,05월 09일,552,59,46,10.69%,8.33%,,,,,,,,,,,,,,,,,,,,,,,,,,,,,
2608 MEGAPO,1043733776,아이크림,08월 09일,585,109,42,18.63%,7.18%,,2607 MEGAPO,07월 09일,778,178,92,22.88%,11.83%,,2605 MEGAPO,05월 09일,441,110,79,24.94%,17.91%,,,,,,,,,,,,,,,,,,,,,,,,,,,,,
,1200967033,NAD아이크림(더블),08월 10일,932,65,25,6.97%,2.68%,,,07월 10일,,,,,,,,05월 10일,,,,,,,,,,,,,,,,,,,,,,,,,,,,,,,,,,
,1193919062,콜겔 미스트,08월 10일,246,24,5,9.76%,2.03%,,,07월 10일,315,23,6,7.30%,1.90%,,,05월 10일,"1,928",183,99,9.49%,5.13%,,,,,,,,,,,,,,,,,,,,,,,,,,,,,
,1043733766,3D리필기획 1&2,08월 10일,683,63,22,9.22%,3.22%,,,07월 10일,813,62,22,7.63%,2.71%,,,05월 10일,925,69,24,7.46%,2.59%,,,,,,,,,,,,,,,,,,,,,,,,,,,,,
,1043733836,콜라겐크림(+더블),08월 10일,191,39,21,20.42%,10.99%,,,07월 10일,188,32,11,17.02%,5.85%,,,05월 10일,338,46,16,13.61%,4.73%,,,,,,,,,,,,,,,,,,,,,,,,,,,,,
,1184844785,NAD단품(+세트),08월 10일,313,27,9,8.63%,2.88%,,,07월 10일,427,40,14,9.37%,3.28%,,,05월 10일,337,33,15,9.79%,4.45%,,,,,,,,,,,,,,,,,,,,,,,,,,,,,
,1043733776,아이크림,08월 10일,217,21,2,9.68%,0.92%,,,07월 10일,195,27,14,13.85%,7.18%,,,05월 10일,281,41,9,14.59%,3.20%,,,,,,,,,,,,,,,,,,,,,,,,,,,,,
,1200967033,NAD아이크림(더블),08월 11일,868,42,17,4.84%,1.96%,,,07월 11일,,,,,,,,05월 11일,,,,,,,,,,,,,,,,,,,,,,,,,,,,,,,,,,
,1193919062,콜겔 미스트,08월 11일,226,17,3,7.52%,1.33%,,,07월 11일,444,41,16,9.23%,3.60%,,,05월 11일,868,84,44,9.68%,5.07%,,,,,,,,,,,,,,,,,,,,,,,,,,,,,
,1043733766,3D리필기획 1&2,08월 11일,577,63,28,10.92%,4.85%,,,07월 11일,914,108,40,11.82%,4.38%,,,05월 11일,807,77,27,9.54%,3.35%,,,,,,,,,,,,,,,,,,,,,,,,,,,,,
,1043733836,콜라겐크림(+더블),08월 11일,185,30,12,16.22%,6.49%,,,07월 11일,220,35,12,15.91%,5.45%,,,05월 11일,301,62,33,20.60%,10.96%,,,,,,,,,,,,,,,,,,,,,,,,,,,,,
,1184844785,NAD단품(+세트),08월 11일,362,39,11,10.77%,3.04%,,,07월 11일,391,37,11,9.46%,2.81%,,,05월 11일,269,29,12,10.78%,4.46%,,,,,,,,,,,,,,,,,,,,,,,,,,,,,
,1043733776,아이크림,08월 11일,173,21,6,12.14%,3.47%,,,07월 11일,285,34,10,11.93%,3.51%,,,05월 11일,254,36,13,14.17%,5.12%,,,,,,,,,,,,,,,,,,,,,,,,,,,,,
,1200967033,NAD아이크림(더블),08월 12일,745,54,18,7.25%,2.42%,,,07월 12일,,,,,,,,05월 12일,,,,,,,,,,,,,,,,,,,,,,,,,,,,,,,,,,
,1193919062,콜겔 미스트,08월 12일,200,23,2,11.50%,1.00%,,,07월 12일,576,47,14,8.16%,2.43%,,,05월 12일,812,77,31,9.48%,3.82%,,,,,,,,,,,,,,,,,,,,,,,,,,,,,
,1043733766,3D리필기획 1&2,08월 12일,451,52,20,11.53%,4.43%,,,07월 12일,913,106,47,11.61%,5.15%,,,05월 12일,615,71,31,11.54%,5.04%,,,,,,,,,,,,,,,,,,,,,,,,,,,,,
,1043733836,콜라겐크림(+더블),08월 12일,219,37,20,16.89%,9.13%,,,07월 12일,211,32,17,15.17%,8.06%,,,05월 12일,322,69,33,21.43%,10.25%,,,,,,,,,,,,,,,,,,,,,,,,,,,,,
,1184844785,NAD단품(+세트),08월 12일,439,30,13,6.83%,2.96%,,,07월 12일,340,40,17,11.76%,5.00%,,,05월 12일,267,31,12,11.61%,4.49%,,,,,,,,,,,,,,,,,,,,,,,,,,,,,
,1043733776,아이크림,08월 12일,185,22,8,11.89%,4.32%,,,07월 12일,250,39,19,15.60%,7.60%,,,05월 12일,216,37,13,17.13%,6.02%,,,,,,,,,,,,,,,,,,,,,,,,,,,,,
,1200967033,NAD아이크림(더블),08월 13일,732,70,18,9.56%,2.46%,,,07월 13일,,,,,,,,05월 13일,,,,,,,,,,,,,,,,,,,,,,,,,,,,,,,,,,
,1193919062,콜겔 미스트,08월 13일,242,22,9,9.09%,3.72%,,,07월 13일,472,41,18,8.69%,3.81%,,,05월 13일,743,70,32,9.42%,4.31%,,,,,,,,,,,,,,,,,,,,,,,,,,,,,
,1043733766,3D리필기획 1&2,08월 13일,608,70,20,11.51%,3.29%,,,07월 13일,698,43,18,6.16%,2.58%,,,05월 13일,573,69,26,12.04%,4.54%,,,,,,,,,,,,,,,,,,,,,,,,,,,,,
,1043733836,콜라겐크림(+더블),08월 13일,222,51,19,22.97%,8.56%,,,07월 13일,214,42,13,19.63%,6.07%,,,05월 13일,300,63,24,21.00%,8.00%,,,,,,,,,,,,,,,,,,,,,,,,,,,,,
,1184844785,NAD단품(+세트),08월 13일,317,36,19,11.36%,5.99%,,,07월 13일,384,42,12,10.94%,3.13%,,,05월 13일,257,32,11,12.45%,4.28%,,,,,,,,,,,,,,,,,,,,,,,,,,,,,
,1043733776,아이크림,08월 13일,219,36,9,16.44%,4.11%,,,07월 13일,185,24,8,12.97%,4.32%,,,05월 13일,224,38,12,16.96%,5.36%,,,,,,,,,,,,,,,,,,,,,,,,,,,,,