,,,,,,,,,,,,,,,,
code,date,제품,유입,장바구니,구매,장바구니 전환율,구매 전환율,,code,date,제품,유입,장바구니,구매,장바구니 전환율,구매 전환율
1199712593,05월 29일,짱구모음세트,"7,069","1,396",944,19.75%,67.62%,,1199712593,02월 27일,짱구모음세트,,,,,
1139779066,05월 29일,컬러커버틴트,"9,727","2,131","1,031",21.91%,48.38%,,1139779066,02월 27일,컬러커버틴트,"4,239","1,126",523,26.56%,46.45%
1135003693,05월 29일,탕후루밀크,"5,785","1,132",515,19.57%,45.49%,,1135003693,02월 27일,탕후루밀크,"3,358",660,348,19.65%,52.73%
1116473754,05월 29일,누디블러틴트,"4,282",789,413,18.43%,52.34%,,1116473754,02월 27일,누디블러틴트,"2,481",462,184,18.62%,39.83%
1189084084,05월 29일,탕후루딥글레이즈,"5,551","1,480",855,26.66%,57.77%,,1189084084,02월 27일,탕후루딥글레이즈,"6,642",809,377,12.18%,46.60%
1082531222,05월 29일,애교살메이커,"3,264",492,231,15.07%,46.95%,,1082531222,02월 27일,애교살메이커,"1,717",699,293,40.71%,41.92%
1082531220,05월 29일,입체창조쉐딩스틱,"1,685",482,211,28.61%,43.78%,,1082531220,02월 27일,입체창조쉐딩스틱,411,96,58,23.36%,60.42%
1199712593,05월 30일,짱구모음세트,"5,972",703,322,11.77%,45.80%,,1199712593,02월 28일,짱구모음세트,,,,,
1139779066,05월 30일,컬러커버틴트,"9,447","1,290",607,13.66%,47.05%,,1139779066,02월 28일,컬러커버틴트,"5,450","1,180",561,21.65%,47.54%
1135003693,05월 30일,탕후루밀크,"4,189",701,226,16.73%,32.24%,,1135003693,02월 28일,탕후루밀크,"3,854",663,276,17.20%,41.63%
1116473754,05월 30일,누디블러틴트,"3,142",513,202,16.33%,39.38%,,1116473754,02월 28일,누디블러틴트,"3,295",588,254,17.85%,43.20%
1189084084,05월 30일,탕후루딥글레이즈,"5,490",949,421,17.29%,44.36%,,1189084084,02월 28일,탕후루딥글레이즈,"4,966",515,226,10.37%,43.88%
1082531222,05월 30일,애교살메이커,"2,568",310,109,12.07%,35.16%,,1082531222,02월 28일,애교살메이커,"1,948",520,273,26.69%,52.50%
1082531220,05월 30일,입체창조쉐딩스틱,"1,803",465,211,25.79%,45.38%,,1082531220,02월 28일,입체창조쉐딩스틱,538,119,66,22.12%,55.46%
1199712593,05월 31일,짱구모음세트,"4,425",552,213,12.47%,38.59%,,1199712593,03월 01일,짱구모음세트,,,,,
1139779066,05월 31일,컬러커버틴트,"7,220",964,388,13.35%,40.25%,,1139779066,03월 01일,컬러커버틴트,"3,871",789,440,20.38%,55.77%
1135003693,05월 31일,탕후루밀크,"2,938",463,161,15.76%,34.77%,,1135003693,03월 01일,탕후루밀크,"2,764",435,178,15.74%,40.92%
1116473754,05월 31일,누디블러틴트,"2,714",362,140,13.34%,38.67%,,1116473754,03월 01일,누디블러틴트,"2,322",396,197,17.05%,49.75%
1189084084,05월 31일,탕후루딥글레이즈,"4,042",632,272,15.64%,43.04%,,1189084084,03월 01일,탕후루딥글레이즈,"3,801",283,164,7.45%,57.95%
1082531222,05월 31일,애교살메이커,"2,079",231,83,11.11%,35.93%,,1082531222,03월 01일,애교살메이커,"1,493",343,197,22.97%,57.43%
1082531220,05월 31일,입체창조쉐딩스틱,"1,631",395,196,24.22%,49.62%,,1082531220,03월 01일,입체창조쉐딩스틱,486,86,49,17.70%,56.98%
1199712593,06월 01일,짱구모음세트,"2,768",348,186,12.57%,53.45%,,1199712593,03월 02일,짱구모음세트,,,,,
1139779066,06월 01일,컬러커버틴트,"5,860",710,412,12.12%,58.03%,,1139779066,03월 02일,컬러커버틴트,"2,850",536,305,18.81%,56.90%
1135003693,06월 01일,탕후루밀크,"2,225",355,129,15.96%,36.34%,,1135003693,03월 02일,탕후루밀크,"1,863",267,104,14.33%,38.95%
1116473754,06월 01일,누디블러틴트,"1,821",239,115,13.12%,48.12%,,1116473754,03월 02일,누디블러틴트,"1,519",232,108,15.27%,46.55%
1189084084,06월 01일,탕후루딥글레이즈,"2,362",448,227,18.97%,50.67%,,1189084084,03월 02일,탕후루딥글레이즈,"3,039",183,97,6.02%,53.01%
1082531222,06월 01일,애교살메이커,"1,254",175,94,13.96%,53.71%,,1082531222,03월 02일,애교살메이커,"1,016",189,117,18.60%,61.90%
1082531220,06월 01일,입체창조쉐딩스틱,"1,255",308,159,24.54%,51.62%,,1082531220,03월 02일,입체창조쉐딩스틱,373,93,45,24.93%,48.39%
1199712593,06월 02일,짱구모음세트,"1,950",310,141,15.90%,45.48%,,1199712593,03월 03일,짱구모음세트,,,,,
1139779066,06월 02일,컬러커버틴트,"5,734",689,458,12.02%,66.47%,,1139779066,03월 03일,컬러커버틴트,"3,339",612,391,18.33%,63.89%
1135003693,06월 02일,탕후루밀크,"1,742",301,144,17.28%,47.84%,,1135003693,03월 03일,탕후루밀크,"2,419",368,173,15.21%,47.01%
1116473754,06월 02일,누디블러틴트,"1,583",232,138,14.66%,59.48%,,1116473754,03월 03일,누디블러틴트,"1,565",246,131,15.72%,53.25%
1189084084,06월 02일,탕후루딥글레이즈,"1,584",330,186,20.83%,56.36%,,1189084084,03월 03일,탕후루딥글레이즈,"3,424",261,118,7.62%,45.21%
1082531222,06월 02일,애교살메이커,"1,212",177,96,14.60%,54.24%,,1082531222,03월 03일,애교살메이커,"1,061",305,174,28.75%,57.05%
1082531220,06월 02일,입체창조쉐딩스틱,"1,362",360,273,26.43%,75.83%,,1082531220,03월 03일,입체창조쉐딩스틱,432,79,43,18.29%,54.43%
1199712593,06월 03일,짱구모음세트,"1,794",312,135,17.39%,43.27%,,1199712593,03월 04일,짱구모음세트,,,,,
1139779066,06월 03일,컬러커버틴트,"6,253",769,421,12.30%,54.75%,,1139779066,03월 04일,컬러커버틴트,"3,306",642,307,19.42%,47.82%
1135003693,06월 03일,탕후루밀크,"1,662",316,115,19.01%,36.39%,,1135003693,03월 04일,탕후루밀크,"2,662",553,198,20.77%,35.80%
1116473754,06월 03일,누디블러틴트,"1,644",291,148,17.70%,50.86%,,1116473754,03월 04일,누디블러틴트,"1,492",273,133,18.30%,48.72%
1189084084,06월 03일,탕후루딥글레이즈,"3,872",403,200,10.41%,49.63%,,1189084084,03월 04일,탕후루딥글레이즈,"5,133",956,328,18.62%,34.31%
1082531222,06월 03일,애교살메이커,"1,763",250,124,14.18%,49.60%,,1082531222,03월 04일,애교살메이커,"1,202",376,184,31.28%,48.94%
1082531220,06월 03일,입체창조쉐딩스틱,"1,801",489,300,27.15%,61.35%,,1082531220,03월 04일,입체창조쉐딩스틱,454,125,49,27.53%,39.20%
1199712593,06월 04일,짱구모음세트,"1,609",222,111,13.80%,50.00%,,1199712593,03월 05일,짱구모음세트,,,,,
1139779066,06월 04일,컬러커버틴트,"3,798",574,307,15.11%,53.48%,,1139779066,03월 05일,컬러커버틴트,"2,630",444,229,16.88%,51.58%
1135003693,06월 04일,탕후루밀크,"1,683",277,122,16.46%,44.04%,,1135003693,03월 05일,탕후루밀크,"1,763",249,112,14.12%,44.98%
1116473754,06월 04일,누디블러틴트,"1,661",240,103,14.45%,42.92%,,1116473754,03월 05일,누디블러틴트,"1,155",185,81,16.02%,43.78%
1189084084,06월 04일,탕후루딥글레이즈,"1,849",318,153,17.20%,48.11%,,1189084084,03월 05일,탕후루딥글레이즈,"2,907",191,76,6.57%,39.79%
1082531222,06월 04일,애교살메이커,"1,271",195,100,15.34%,51.28%,,1082531222,03월 05일,애교살메이커,918,223,134,24.29%,60.09%
1082531220,06월 04일,입체창조쉐딩스틱,"1,426",341,204,23.91%,59.82%,,1082531220,03월 05일,입체창조쉐딩스틱,818,265,114,32.40%,43.02%
1199712593,06월 05일,짱구모음세트,"1,277",169,90,13.23%,53.25%,,1199712593,03월 06일,짱구모음세트,0,0,0,,
1139779066,06월 05일,컬러커버틴트,"4,197",441,261,10.51%,59.18%,,1139779066,03월 06일,컬러커버틴트,"2,490",385,191,15.46%,49.61%
1135003693,06월 05일,탕후루밀크,"1,308",194,83,14.83%,42.78%,,1135003693,03월 06일,탕후루밀크,"1,775",244,101,13.75%,41.39%
1116473754,06월 05일,누디블러틴트,"1,350",191,94,14.15%,49.21%,,1116473754,03월 06일,누디블러틴트,"1,200",177,57,14.75%,32.20%
1189084084,06월 05일,탕후루딥글레이즈,"1,879",256,134,13.62%,52.34%,,1189084084,03월 06일,탕후루딥글레이즈,"2,513",129,57,5.13%,44.19%
1082531222,06월 05일,애교살메이커,"1,262",179,98,14.18%,54.75%,,1082531222,03월 06일,애교살메이커,805,188,97,23.35%,51.60%
1082531220,06월 05일,입체창조쉐딩스틱,"1,311",304,181,23.19%,59.54%,,1082531220,03월 06일,입체창조쉐딩스틱,831,265,129,31.89%,48.68%
1199712593,06월 06일,짱구모음세트,"1,940",215,102,11.08%,47.44%,,1199712593,03월 07일,짱구모음세트,,,,,
1139779066,06월 06일,컬러커버틴트,"4,857",516,376,10.62%,72.87%,,1139779066,03월 07일,컬러커버틴트,"2,910",462,320,15.88%,69.26%
1135003693,06월 06일,탕후루밀크,"1,358",207,123,15.24%,59.42%,,1135003693,03월 07일,탕후루밀크,"2,728",353,154,12.94%,43.63%
1116473754,06월 06일,누디블러틴트,"1,519",222,140,14.61%,63.06%,,1116473754,03월 07일,누디블러틴트,"1,578",251,141,15.91%,56.18%
1189084084,06월 06일,탕후루딥글레이즈,"2,785",281,166,10.09%,59.07%,,1189084084,03월 07일,탕후루딥글레이즈,"4,290",254,101,5.92%,39.76%
1082531222,06월 06일,애교살메이커,"1,413",212,145,15.00%,68.40%,,1082531222,03월 07일,애교살메이커,899,183,147,20.36%,80.33%
1082531220,06월 06일,입체창조쉐딩스틱,"1,744",439,347,25.17%,79.04%,,1082531220,03월 07일,입체창조쉐딩스틱,"1,236",388,239,31.39%,61.60%
1199712593,06월 07일,짱구모음세트,"1,499",165,77,11.01%,46.67%,,1199712593,03월 08일,짱구모음세트,,,,,
1139779066,06월 07일,컬러커버틴트,"4,761",653,359,13.72%,54.98%,,1139779066,03월 08일,컬러커버틴트,"2,470",450,242,18.22%,53.78%
1135003693,06월 07일,탕후루밀크,"1,653",259,87,15.67%,33.59%,,1135003693,03월 08일,탕후루밀크,"1,977",339,132,17.15%,38.94%
1116473754,06월 07일,누디블러틴트,"1,192",173,76,14.51%,43.93%,,1116473754,03월 08일,누디블러틴트,"1,288",251,115,19.49%,45.82%
1189084084,06월 07일,탕후루딥글레이즈,"2,433",279,147,11.47%,52.69%,,1189084084,03월 08일,탕후루딥글레이즈,"2,774",169,69,6.09%,40.83%
1082531222,06월 07일,애교살메이커,"1,078",178,76,16.51%,42.70%,,1082531222,03월 08일,애교살메이커,"1,337",264,174,19.75%,65.91%
1082531220,06월 07일,입체창조쉐딩스틱,"1,387",350,178,25.23%,50.86%,,1082531220,03월 08일,입체창조쉐딩스틱,"1,419",282,164,19.87%,58.16%
1199712593,06월 08일,짱구모음세트,"1,173",145,56,12.36%,38.62%,,1199712593,03월 09일,짱구모음세트,,,,,
1139779066,06월 08일,컬러커버틴트,"11,079",681,270,6.15%,39.65%,,1139779066,03월 09일,컬러커버틴트,"1,649",305,168,18.50%,55.08%
1135003693,06월 08일,탕후루밀크,"1,478",254,90,17.19%,35.43%,,1135003693,03월 09일,탕후루밀크,"1,432",212,91,14.80%,42.92%
1116473754,06월 08일,누디블러틴트,"1,055",154,69,14.60%,44.81%,,1116473754,03월 09일,누디블러틴트,"1,014",167,76,16.47%,45.51%
1189084084,06월 08일,탕후루딥글레이즈,"1,708",230,89,13.47%,38.70%,,1189084084,03월 09일,탕후루딥글레이즈,"1,554",132,63,8.49%,47.73%
1082531222,06월 08일,애교살메이커,897,104,66,11.59%,63.46%,,1082531222,03월 09일,애교살메이커,635,96,52,15.12%,54.17%
1082531220,06월 08일,입체창조쉐딩스틱,"1,120",238,140,21.25%,58.82%,,1082531220,03월 09일,입체창조쉐딩스틱,682,105,57,15.40%,54.29%
1199712593,06월 09일,짱구모음세트,"1,007",136,55,13.51%,40.44%,,1199712593,03월 10일,짱구모음세트,,,,,
1139779066,06월 09일,컬러커버틴트,"5,241",593,379,11.31%,63.91%,,1139779066,03월 10일,컬러커버틴트,"1,597",357,214,22.35%,59.94%
1135003693,06월 09일,탕후루밀크,"1,249",225,122,18.01%,54.22%,,1135003693,03월 10일,탕후루밀크,"1,278",218,119,17.06%,54.59%
1116473754,06월 09일,누디블러틴트,"1,283",175,91,13.64%,52.00%,,1116473754,03월 10일,누디블러틴트,963,186,101,19.31%,54.30%
1189084084,06월 09일,탕후루딥글레이즈,"2,196",308,198,14.03%,64.29%,,1189084084,03월 10일,탕후루딥글레이즈,875,105,46,12.00%,43.81%
1082531222,06월 09일,애교살메이커,895,122,75,13.63%,61.48%,,1082531222,03월 10일,애교살메이커,637,134,83,21.04%,61.94%
1082531220,06월 09일,입체창조쉐딩스틱,"1,249",298,208,23.86%,69.80%,,1082531220,03월 10일,입체창조쉐딩스틱,801,299,163,37.33%,54.52%
1199712593,06월 10일,짱구모음세트,"1,395",198,145,13.51%,40.44%,,1199712593,03월 11일,짱구모음세트,,,,,
1139779066,06월 10일,컬러커버틴트,"5,604",638,531,11.31%,63.91%,,1139779066,03월 11일,컬러커버틴트,"2,363",499,435,22.35%,59.94%
1135003693,06월 10일,탕후루밀크,"1,634",315,252,18.01%,54.22%,,1135003693,03월 11일,탕후루밀크,"2,006",411,296,17.06%,54.59%
1116473754,06월 10일,누디블러틴트,"1,464",202,166,13.64%,52.00%,,1116473754,03월 11일,누디블러틴트,"1,480",326,263,19.31%,54.30%
1189084084,06월 10일,탕후루딥글레이즈,"3,389",492,365,14.03%,64.29%,,1189084084,03월 11일,탕후루딥글레이즈,"1,228",194,123,12.00%,43.81%
1082531222,06월 10일,애교살메이커,"1,360",214,174,13.63%,61.48%,,1082531222,03월 11일,애교살메이커,"1,012",262,252,21.04%,61.94%
1082531220,06월 10일,입체창조쉐딩스틱,"1,786",495,454,23.86%,69.80%,,1082531220,03월 11일,입체창조쉐딩스틱,"1,312",499,430,37.33%,54.52%