,,,,,,,,,,,,,,,,,,,,,,,,,,,,,,,,
event,code,제품,date,유입,장바구니,구매,장바구니 전환율,구매 전환율,,event,date,유입,장바구니,구매,장바구니 전환율,구매 전환율,,event,date,유입,장바구니,구매,장바구니 전환율,구매 전환율,,event,date,유입,장바구니,구매,장바구니 전환율,구매 전환율
TEASER START,1145455669,립 듀오 세트,09월 28일,,,,,,,,,,,,,,,,,,,,,,,,,,,,,
,1189084084,탕후루 딥글레이즈,09월 28일,232,31,5,13.36%,2.16%,,,,,,,,,,,,,,,,,,,,,,,,
,1139779066,컬러커버틴트,09월 28일,881,134,40,15.21%,4.54%,,,,,,,,,,,,,,,,,,,,,,,,
,1082531220,쉐딩스틱,09월 28일,270,33,12,12.22%,4.44%,,,,,,,,,,,,,,,,,,,,,,,,
,1082531222,애교살 메이커,09월 28일,240,37,12,15.42%,5.00%,,,,,,,,,,,,,,,,,,,,,,,,
,1116473754,누디블러틴트,09월 28일,597,90,24,15.08%,4.02%,,,,,,,,,,,,,,,,,,,,,,,,
,1135003693,탕후루 밀크,09월 28일,327,52,6,15.90%,1.83%,,,,,,,,,,,,,,,,,,,,,,,,
,1145801171,짱구 특가,09월 28일,220,37,2,16.82%,0.91%,,,,,,,,,,,,,,,,,,,,,,,,
,1145455669,립 듀오 세트,09월 29일,,,,,,,TEASER START,07월 30일,3,0,0,0.00%,0.00%,,,06월 29일,"1,854",5,0,0.27%,0.00%,,,04월 29일,53,3,0,5.66%,0.00%
,1189084084,탕후루 딥글레이즈,09월 29일,213,17,4,7.98%,1.88%,,,07월 30일,354,37,8,10.45%,2.26%,,,06월 29일,219,39,11,17.81%,5.02%,,,04월 29일,194,21,6,10.82%,3.09%
,1139779066,컬러커버틴트,09월 29일,840,132,33,15.71%,3.93%,,,07월 30일,881,181,29,20.54%,3.29%,,,06월 29일,"2,186",84,16,3.84%,0.73%,,,04월 29일,588,79,12,13.44%,2.04%
,1082531220,쉐딩스틱,09월 29일,218,43,5,19.72%,2.29%,,,07월 30일,362,40,10,11.05%,2.76%,,,06월 29일,"2,258",39,3,1.73%,0.13%,,,04월 29일,176,26,7,14.77%,3.98%
,1082531222,애교살 메이커,09월 29일,178,23,8,12.92%,4.49%,,,07월 30일,188,25,5,13.30%,2.66%,,,06월 29일,99,17,2,17.17%,2.02%,,,04월 29일,114,11,4,9.65%,3.51%
,1116473754,누디블러틴트,09월 29일,596,69,18,11.58%,3.02%,,,07월 30일,,,,,,,,06월 29일,,,,,,,,04월 29일,,,,,
,1135003693,탕후루 밀크,09월 29일,327,57,11,17.43%,3.36%,,,07월 30일,,,,,,,,06월 29일,,,,,,,,04월 29일,,,,,
,1145801171,짱구 특가,09월 29일,731,131,14,17.92%,1.92%,,,07월 30일,,,,,,,,06월 29일,,,,,,,,04월 29일,,,,,
,1145455669,립 듀오 세트,09월 30일,,,,,,,,07월 31일,2,0,0,0.00%,0.00%,,,06월 30일,"2,271",20,0,0.88%,0.00%,,,04월 30일,89,1,0,1.12%,0.00%
,1189084084,탕후루 딥글레이즈,09월 30일,235,24,4,10.21%,1.70%,,,07월 31일,463,46,4,9.94%,0.86%,,,06월 30일,283,51,10,18.02%,3.53%,,,04월 30일,197,20,5,10.15%,2.54%
,1139779066,컬러커버틴트,09월 30일,751,166,36,22.10%,4.79%,41%,,07월 31일,"1,093",185,34,16.93%,3.11%,,,06월 30일,"2,248",85,10,3.78%,0.44%,,,04월 30일,516,62,11,12.02%,2.13%
,1082531220,쉐딩스틱,09월 30일,296,47,8,15.88%,2.70%,,,07월 31일,450,42,4,9.33%,0.89%,,,06월 30일,"2,746",39,6,1.42%,0.22%,,,04월 30일,171,25,3,14.62%,1.75%
,1082531222,애교살 메이커,09월 30일,187,15,0,8.02%,0.00%,,,07월 31일,166,15,5,9.04%,3.01%,,,06월 30일,94,12,0,12.77%,0.00%,,,04월 30일,93,12,1,12.90%,1.08%
,1116473754,누디블러틴트,09월 30일,457,67,3,14.66%,0.66%,,,07월 31일,,,,,,,,06월 30일,,,,,,,,04월 30일,,,,,
,1135003693,탕후루 밀크,09월 30일,363,49,8,13.50%,2.20%,,,07월 31일,,,,,,,,06월 30일,,,,,,,,04월 30일,,,,,
,1145801171,짱구 특가,09월 30일,781,164,12,21.00%,1.54%,,,07월 31일,,,,,,,,06월 30일,,,,,,,,04월 30일,,,,,
2610 MEGAPO,1145455669,립 듀오 세트,10월 01일,,,,,,,2608 MEGAPO,08월 01일,1,0,0,0.00%,0.00%,,2607 MEGAPO,07월 01일,"2,410",58,26,2.41%,1.08%,,2605 MEGAPO,05월 01일,175,32,8,18.29%,4.57%
2610 MEGAPO,1189084084,탕후루 딥글레이즈,10월 01일,373,39,17,10.46%,4.56%,,2608 MEGAPO,08월 01일,"1,553",147,65,9.47%,4.19%,,2607 MEGAPO,07월 01일,523,94,37,17.97%,7.07%,,2605 MEGAPO,05월 01일,387,39,13,10.08%,3.36%
2610 MEGAPO,1139779066,컬러커버틴트,10월 01일,"1,309",298,164,22.77%,12.53%,,2608 MEGAPO,08월 01일,"3,228",518,261,16.05%,8.09%,,2607 MEGAPO,07월 01일,"2,895",289,137,9.98%,4.73%,,2605 MEGAPO,05월 01일,996,221,119,22.19%,11.95%
2610 MEGAPO,1082531220,쉐딩스틱,10월 01일,401,91,39,22.69%,9.73%,,2608 MEGAPO,08월 01일,"1,752",94,48,5.37%,2.74%,,2607 MEGAPO,07월 01일,"3,638",167,59,4.59%,1.62%,,2605 MEGAPO,05월 01일,383,77,38,20.10%,9.92%
2610 MEGAPO,1082531222,애교살 메이커,10월 01일,287,32,11,11.15%,3.83%,,2608 MEGAPO,08월 01일,344,55,32,15.99%,9.30%,,2607 MEGAPO,07월 01일,276,46,21,16.67%,7.61%,,2605 MEGAPO,05월 01일,182,30,13,16.48%,7.14%
2610 MEGAPO,1116473754,누디블러틴트,10월 01일,663,113,47,17.04%,7.09%,,2608 MEGAPO,08월 01일,,,,,,,2607 MEGAPO,07월 01일,,,,,,,2605 MEGAPO,05월 01일,,,,,
2610 MEGAPO,1135003693,탕후루 밀크,10월 01일,532,105,41,19.74%,7.71%,,2608 MEGAPO,08월 01일,,,,,,,2607 MEGAPO,07월 01일,,,,,,,2605 MEGAPO,05월 01일,,,,,
2610 MEGAPO,1145801171,짱구 특가,10월 01일,757,134,34,17.70%,4.49%,,2608 MEGAPO,08월 01일,,,,,,,2607 MEGAPO,07월 01일,,,,,,,2605 MEGAPO,05월 01일,,,,,
2610 MEGAPO,1145455669,립 듀오 세트,10월 02일,,,,,,,2608 MEGAPO,08월 02일,2,0,0,0.00%,0.00%,,2607 MEGAPO,07월 02일,228,19,7,8.33%,3.07%,,2605 MEGAPO,05월 02일,83,11,1,13.25%,1.20%
2610 MEGAPO,1189084084,탕후루 딥글레이즈,10월 02일,294,38,9,12.93%,3.06%,,2608 MEGAPO,08월 02일,"2,295",102,40,4.44%,1.74%,,2607 MEGAPO,07월 02일,455,64,26,14.07%,5.71%,,2605 MEGAPO,05월 02일,240,24,4,10.00%,1.67%
2610 MEGAPO,1139779066,컬러커버틴트,10월 02일,"1,178",217,85,18.42%,7.22%,,2608 MEGAPO,08월 02일,"6,567",419,187,6.38%,2.85%,,2607 MEGAPO,07월 02일,"1,201",219,79,18.23%,6.58%,,2605 MEGAPO,05월 02일,639,118,49,18.47%,7.67%
2610 MEGAPO,1082531220,쉐딩스틱,10월 02일,369,62,25,16.80%,6.78%,,2608 MEGAPO,08월 02일,"2,097",91,40,4.34%,1.91%,,2607 MEGAPO,07월 02일,735,119,49,16.19%,6.67%,,2605 MEGAPO,05월 02일,306,52,18,16.99%,5.88%
2610 MEGAPO,1082531222,애교살 메이커,10월 02일,264,15,2,5.68%,0.76%,,2608 MEGAPO,08월 02일,312,48,17,15.38%,5.45%,,2607 MEGAPO,07월 02일,210,24,11,11.43%,5.24%,,2605 MEGAPO,05월 02일,166,26,9,15.66%,5.42%
2610 MEGAPO,1116473754,누디블러틴트,10월 02일,517,81,32,15.67%,6.19%,,2608 MEGAPO,08월 02일,,,,,,,2607 MEGAPO,07월 02일,,,,,,,2605 MEGAPO,05월 02일,,,,,
2610 MEGAPO,1135003693,탕후루 밀크,10월 02일,438,104,34,23.74%,7.76%,,2608 MEGAPO,08월 02일,,,,,,,2607 MEGAPO,07월 02일,,,,,,,2605 MEGAPO,05월 02일,,,,,
2610 MEGAPO,1145801171,짱구 특가,10월 02일,524,93,13,17.75%,2.48%,,2608 MEGAPO,08월 02일,,,,,,,2607 MEGAPO,07월 02일,,,,,,,2605 MEGAPO,05월 02일,,,,,
2610 MEGAPO,1145455669,립 듀오 세트,10월 03일,,,,,,,2608 MEGAPO,08월 03일,1,0,0,0.00%,0.00%,,2607 MEGAPO,07월 03일,191,26,12,13.61%,6.28%,,2605 MEGAPO,05월 03일,92,6,1,6.52%,1.09%
2610 MEGAPO,1189084084,탕후루 딥글레이즈,10월 03일,275,37,9,13.45%,3.27%,,2608 MEGAPO,08월 03일,"1,728",76,27,4.40%,1.56%,,2607 MEGAPO,07월 03일,377,63,30,16.71%,7.96%,,2605 MEGAPO,05월 03일,214,20,4,9.35%,1.87%
2610 MEGAPO,1139779066,컬러커버틴트,10월 03일,"1,119",266,134,23.77%,11.97%,,2608 MEGAPO,08월 03일,"1,978",324,200,16.38%,10.11%,,2607 MEGAPO,07월 03일,870,157,74,18.05%,8.51%,,2605 MEGAPO,05월 03일,634,117,45,18.45%,7.10%
2610 MEGAPO,1082531220,쉐딩스틱,10월 03일,365,65,28,17.81%,7.67%,,2608 MEGAPO,08월 03일,"1,204",48,22,3.99%,1.83%,,2607 MEGAPO,07월 03일,457,74,35,16.19%,7.66%,,2605 MEGAPO,05월 03일,264,33,12,12.50%,4.55%
2610 MEGAPO,1082531222,애교살 메이커,10월 03일,296,21,3,7.09%,1.01%,,2608 MEGAPO,08월 03일,225,37,18,16.44%,8.00%,,2607 MEGAPO,07월 03일,178,23,8,12.92%,4.49%,,2605 MEGAPO,05월 03일,147,17,7,11.56%,4.76%
2610 MEGAPO,1116473754,누디블러틴트,10월 03일,487,86,40,17.66%,8.21%,,2608 MEGAPO,08월 03일,,,,,,,2607 MEGAPO,07월 03일,,,,,,,2605 MEGAPO,05월 03일,,,,,
2610 MEGAPO,1135003693,탕후루 밀크,10월 03일,383,76,31,19.84%,8.09%,,2608 MEGAPO,08월 03일,,,,,,,2607 MEGAPO,07월 03일,,,,,,,2605 MEGAPO,05월 03일,,,,,
2610 MEGAPO,1145801171,짱구 특가,10월 03일,590,107,23,18.14%,3.90%,,2608 MEGAPO,08월 03일,,,,,,,2607 MEGAPO,07월 03일,,,,,,,2605 MEGAPO,05월 03일,,,,,
2610 MEGAPO,1145455669,립 듀오 세트,10월 04일,,,,,,,2608 MEGAPO,08월 04일,2,0,0,0.00%,0.00%,,2607 MEGAPO,07월 04일,227,20,8,8.81%,3.52%,,2605 MEGAPO,05월 04일,99,12,1,12.12%,1.01%
2610 MEGAPO,1189084084,탕후루 딥글레이즈,10월 04일,256,33,10,12.89%,3.91%,,2608 MEGAPO,08월 04일,"1,337",111,35,8.30%,2.62%,,2607 MEGAPO,07월 04일,552,72,24,13.04%,4.35%,,2605 MEGAPO,05월 04일,211,26,5,12.32%,2.37%
2610 MEGAPO,1139779066,컬러커버틴트,10월 04일,"1,237",295,131,23.85%,10.59%,,2608 MEGAPO,08월 04일,"1,306",251,101,19.22%,7.73%,,2607 MEGAPO,07월 04일,969,169,72,17.44%,7.43%,,2605 MEGAPO,05월 04일,"1,464",199,61,13.59%,4.17%
2610 MEGAPO,1082531220,쉐딩스틱,10월 04일,400,46,27,11.50%,6.75%,,2608 MEGAPO,08월 04일,"1,306",251,101,19.22%,7.73%,,2607 MEGAPO,07월 04일,630,100,47,15.87%,7.46%,,2605 MEGAPO,05월 04일,281,34,14,12.10%,4.98%
2610 MEGAPO,1082531222,애교살 메이커,10월 04일,337,17,4,5.04%,1.19%,,2608 MEGAPO,08월 04일,296,45,14,15.20%,4.73%,,2607 MEGAPO,07월 04일,193,27,6,13.99%,3.11%,,2605 MEGAPO,05월 04일,169,17,7,10.06%,4.14%
2610 MEGAPO,1116473754,누디블러틴트,10월 04일,501,106,44,21.16%,8.78%,,2608 MEGAPO,08월 04일,,,,,,,2607 MEGAPO,07월 04일,,,,,,,2605 MEGAPO,05월 04일,,,,,
2610 MEGAPO,1135003693,탕후루 밀크,10월 04일,409,62,23,15.16%,5.62%,,2608 MEGAPO,08월 04일,,,,,,,2607 MEGAPO,07월 04일,,,,,,,2605 MEGAPO,05월 04일,,,,,
2610 MEGAPO,1145801171,짱구 특가,10월 04일,546,96,15,17.58%,2.75%,,2608 MEGAPO,08월 04일,,,,,,,2607 MEGAPO,07월 04일,,,,,,,2605 MEGAPO,05월 04일,,,,,
2610 MEGAPO,1145455669,립 듀오 세트,10월 05일,,,,,,,2608 MEGAPO,08월 05일,5,0,0,0.00%,0.00%,,2607 MEGAPO,07월 05일,224,26,9,11.61%,4.02%,,2605 MEGAPO,05월 05일,81,6,0,7.41%,0.00%
2610 MEGAPO,1189084084,탕후루 딥글레이즈,10월 05일,231,32,5,13.85%,2.16%,,2608 MEGAPO,08월 05일,623,86,45,13.80%,7.22%,,2607 MEGAPO,07월 05일,479,75,34,15.66%,7.10%,,2605 MEGAPO,05월 05일,214,29,14,13.55%,6.54%
2610 MEGAPO,1139779066,컬러커버틴트,10월 05일,"1,225",265,151,21.63%,12.33%,,2608 MEGAPO,08월 05일,850,178,69,20.94%,8.12%,,2607 MEGAPO,07월 05일,926,180,64,19.44%,6.91%,,2605 MEGAPO,05월 05일,"1,471",181,80,12.30%,5.44%
2610 MEGAPO,1082531220,쉐딩스틱,10월 05일,326,25,7,7.67%,2.15%,,2608 MEGAPO,08월 05일,354,45,19,12.71%,5.37%,,2607 MEGAPO,07월 05일,582,118,56,20.27%,9.62%,,2605 MEGAPO,05월 05일,227,34,8,14.98%,3.52%
2610 MEGAPO,1082531222,애교살 메이커,10월 05일,258,20,5,7.75%,1.94%,,2608 MEGAPO,08월 05일,275,50,15,18.18%,5.45%,,2607 MEGAPO,07월 05일,222,43,19,19.37%,8.56%,,2605 MEGAPO,05월 05일,164,26,12,15.85%,7.32%
2610 MEGAPO,1116473754,누디블러틴트,10월 05일,419,72,28,17.18%,6.68%,,2608 MEGAPO,08월 05일,,,,,,,2607 MEGAPO,07월 05일,,,,,,,2605 MEGAPO,05월 05일,,,,,
2610 MEGAPO,1135003693,탕후루 밀크,10월 05일,360,67,26,18.61%,7.22%,,2608 MEGAPO,08월 05일,,,,,,,2607 MEGAPO,07월 05일,,,,,,,2605 MEGAPO,05월 05일,,,,,
2610 MEGAPO,1145801171,짱구 특가,10월 05일,401,66,15,16.46%,3.74%,,2608 MEGAPO,08월 05일,,,,,,,2607 MEGAPO,07월 05일,,,,,,,2605 MEGAPO,05월 05일,,,,,
2610 MEGAPO,1145455669,립 듀오 세트,10월 06일,,,,,,,2608 MEGAPO,08월 06일,2,0,0,0.00%,0.00%,,2607 MEGAPO,07월 06일,202,18,5,8.91%,2.48%,,2605 MEGAPO,05월 06일,240,25,3,10.42%,1.25%
2610 MEGAPO,1189084084,탕후루 딥글레이즈,10월 06일,199,20,6,10.05%,3.02%,,2608 MEGAPO,08월 06일,585,81,36,13.85%,6.15%,,2607 MEGAPO,07월 06일,399,67,23,16.79%,5.76%,,2605 MEGAPO,05월 06일,571,45,9,7.88%,1.58%
2610 MEGAPO,1139779066,컬러커버틴트,10월 06일,"1,056",215,92,20.36%,8.71%,,2608 MEGAPO,08월 06일,876,180,83,20.55%,9.47%,,2607 MEGAPO,07월 06일,"1,723",218,79,12.65%,4.59%,,2605 MEGAPO,05월 06일,"1,745",234,90,13.41%,5.16%
2610 MEGAPO,1082531220,쉐딩스틱,10월 06일,269,37,37,13.75%,13.75%,,2608 MEGAPO,08월 06일,327,48,17,14.68%,5.20%,,2607 MEGAPO,07월 06일,502,88,46,17.53%,9.16%,,2605 MEGAPO,05월 06일,483,67,31,13.87%,6.42%
2610 MEGAPO,1082531222,애교살 메이커,10월 06일,209,18,5,8.61%,2.39%,,2608 MEGAPO,08월 06일,278,43,25,15.47%,8.99%,,2607 MEGAPO,07월 06일,191,29,11,15.18%,5.76%,,2605 MEGAPO,05월 06일,364,43,19,11.81%,5.22%
2610 MEGAPO,1116473754,누디블러틴트,10월 06일,443,80,33,18.06%,7.45%,,2608 MEGAPO,08월 06일,,,,,,,2607 MEGAPO,07월 06일,,,,,,,2605 MEGAPO,05월 06일,,,,,
2610 MEGAPO,1135003693,탕후루 밀크,10월 06일,304,52,15,17.11%,4.93%,,2608 MEGAPO,08월 06일,,,,,,,2607 MEGAPO,07월 06일,,,,,,,2605 MEGAPO,05월 06일,,,,,
2610 MEGAPO,1145801171,짱구 특가,10월 06일,489,54,9,11.04%,1.84%,,2608 MEGAPO,08월 06일,,,,,,,2607 MEGAPO,07월 06일,,,,,,,2605 MEGAPO,05월 06일,,,,,
2610 MEGAPO,1145455669,립 듀오 세트,10월 07일,,,,,,,2608 MEGAPO,08월 07일,2,0,0,0.00%,0.00%,,2607 MEGAPO,07월 07일,160,18,8,11.25%,5.00%,,2605 MEGAPO,05월 07일,127,13,5,10.24%,3.94%
2610 MEGAPO,1189084084,탕후루 딥글레이즈,10월 07일,207,28,12,13.53%,5.80%,,2608 MEGAPO,08월 07일,424,63,20,14.86%,4.72%,,2607 MEGAPO,07월 07일,380,57,26,15.00%,6.84%,,2605 MEGAPO,05월 07일,293,28,9,9.56%,3.07%
2610 MEGAPO,1139779066,컬러커버틴트,10월 07일,"1,017",204,93,20.06%,9.14%,,2608 MEGAPO,08월 07일,856,181,65,21.14%,7.59%,,2607 MEGAPO,07월 07일,802,145,48,18.08%,5.99%,,2605 MEGAPO,05월 07일,"1,388",181,68,13.04%,4.90%
2610 MEGAPO,1082531220,쉐딩스틱,10월 07일,249,37,15,14.86%,6.02%,,2608 MEGAPO,08월 07일,378,39,14,10.32%,3.70%,,2607 MEGAPO,07월 07일,487,80,30,16.43%,6.16%,,2605 MEGAPO,05월 07일,329,58,29,17.63%,8.81%
2610 MEGAPO,1082531222,애교살 메이커,10월 07일,147,10,3,6.80%,2.04%,,2608 MEGAPO,08월 07일,209,38,24,18.18%,11.48%,,2607 MEGAPO,07월 07일,201,29,14,14.43%,6.97%,,2605 MEGAPO,05월 07일,217,32,13,14.75%,5.99%
2610 MEGAPO,1116473754,누디블러틴트,10월 07일,434,58,18,13.36%,4.15%,,2608 MEGAPO,08월 07일,,,,,,,2607 MEGAPO,07월 07일,,,,,,,2605 MEGAPO,05월 07일,,,,,
2610 MEGAPO,1135003693,탕후루 밀크,10월 07일,320,50,20,15.63%,6.25%,,2608 MEGAPO,08월 07일,,,,,,,2607 MEGAPO,07월 07일,,,,,,,2605 MEGAPO,05월 07일,,,,,
2610 MEGAPO,1145801171,짱구 특가,10월 07일,290,38,8,13.10%,2.76%,,2608 MEGAPO,08월 07일,,,,,,,2607 MEGAPO,07월 07일,,,,,,,2605 MEGAPO,05월 07일,,,,,
2610 MEGAPO,1145455669,립 듀오 세트,10월 08일,,,,,,,2608 MEGAPO,08월 08일,1,0,0,0.00%,0.00%,,2607 MEGAPO,07월 08일,174,19,9,10.92%,5.17%,,2605 MEGAPO,05월 08일,75,8,3,10.67%,4.00%
2610 MEGAPO,1189084084,탕후루 딥글레이즈,10월 08일,,,,#DIV/0!,#DIV/0!,,2608 MEGAPO,08월 08일,377,54,18,14.32%,4.77%,,2607 MEGAPO,07월 08일,362,53,28,14.64%,7.73%,,2605 MEGAPO,05월 08일,278,27,9,9.71%,3.24%
2610 MEGAPO,1139779066,컬러커버틴트,10월 08일,,,,#DIV/0!,#DIV/0!,,2608 MEGAPO,08월 08일,813,171,63,21.03%,7.75%,,2607 MEGAPO,07월 08일,781,136,57,17.41%,7.30%,,2605 MEGAPO,05월 08일,"1,347",152,60,11.28%,4.45%
2610 MEGAPO,1082531220,쉐딩스틱,10월 08일,,,,#DIV/0!,#DIV/0!,,2608 MEGAPO,08월 08일,365,52,25,14.25%,6.85%,,2607 MEGAPO,07월 08일,454,62,30,13.66%,6.61%,,2605 MEGAPO,05월 08일,232,29,10,12.50%,4.31%
2610 MEGAPO,1082531222,애교살 메이커,10월 08일,,,,#DIV/0!,#DIV/0!,,2608 MEGAPO,08월 08일,214,41,18,19.16%,8.41%,,2608 MEGAPO,07월 08일,176,26,6,14.77%,3.41%,,2605 MEGAPO,05월 08일,176,22,11,12.50%,6.25%
2610 MEGAPO,1116473754,누디블러틴트,10월 08일,,,,#DIV/0!,#DIV/0!,,2608 MEGAPO,08월 08일,,,,,,,2608 MEGAPO,07월 08일,,,,,,,2605 MEGAPO,05월 08일,,,,,
2610 MEGAPO,1135003693,탕후루 밀크,10월 08일,,,,#DIV/0!,#DIV/0!,,2608 MEGAPO,08월 08일,,,,,,,2608 MEGAPO,07월 08일,,,,,,,2605 MEGAPO,05월 08일,,,,,
2610 MEGAPO,1145801171,짱구 특가,10월 08일,,,,#DIV/0!,#DIV/0!,,2608 MEGAPO,08월 08일,,,,,,,2608 MEGAPO,07월 08일,,,,,,,2605 MEGAPO,05월 08일,,,,,
2610 MEGAPO,1145455669,립 듀오 세트,10월 09일,,,,,,,2608 MEGAPO,08월 09일,2,0,0,0.00%,0.00%,,2607 MEGAPO,07월 09일,321,19,10,5.92%,3.12%,,2605 MEGAPO,05월 09일,99,01월 10일,6,11.11%,6.06%
2610 MEGAPO,1189084084,탕후루 딥글레이즈,10월 09일,,,,#DIV/0!,#DIV/0!,,2608 MEGAPO,08월 09일,517,76,29,14.70%,5.61%,,2607 MEGAPO,07월 09일,408,66,32,16.18%,7.84%,,2605 MEGAPO,05월 09일,215,02월 01일,14,15.35%,6.51%
2610 MEGAPO,1139779066,컬러커버틴트,10월 09일,,,,#DIV/0!,#DIV/0!,,2608 MEGAPO,08월 09일,"1,096",231,127,21.08%,11.59%,,2607 MEGAPO,07월 09일,835,165,109,19.76%,13.05%,,2605 MEGAPO,05월 09일,"1,319",10월 01일,144,20.85%,10.92%
2610 MEGAPO,1082531220,쉐딩스틱,10월 09일,,,,#DIV/0!,#DIV/0!,,2608 MEGAPO,08월 09일,524,57,32,10.88%,6.11%,,2607 MEGAPO,07월 09일,639,93,55,14.55%,8.61%,,2605 MEGAPO,05월 09일,220,01월 29일,21,13.64%,9.55%
2610 MEGAPO,1082531222,애교살 메이커,10월 09일,,,,#DIV/0!,#DIV/0!,,2608 MEGAPO,08월 09일,307,40,24,13.03%,7.82%,,2607 MEGAPO,07월 09일,199,36,23,18.09%,11.56%,,2605 MEGAPO,05월 09일,257,02월 07일,24,15.18%,9.34%
2610 MEGAPO,1116473754,누디블러틴트,10월 09일,,,,#DIV/0!,#DIV/0!,,2608 MEGAPO,08월 09일,,,,,,,2607 MEGAPO,07월 09일,,,,,,,2605 MEGAPO,05월 09일,,,,,
2610 MEGAPO,1135003693,탕후루 밀크,10월 09일,,,,#DIV/0!,#DIV/0!,,2608 MEGAPO,08월 09일,,,,,,,2607 MEGAPO,07월 09일,,,,,,,2605 MEGAPO,05월 09일,,,,,
2610 MEGAPO,1145801171,짱구 특가,10월 09일,,,,#DIV/0!,#DIV/0!,,2608 MEGAPO,08월 09일,,,,,,,2607 MEGAPO,07월 09일,,,,,,,2605 MEGAPO,05월 09일,,,,,
,1145455669,립 듀오 세트,10월 10일,,,,,,,,08월 10일,1,0,0,0.00%,0.00%,,,07월 10일,62,6,2,9.68%,3.23%,,,05월 10일,22,0,0,0.00%,0.00%
,1189084084,탕후루 딥글레이즈,10월 10일,,,,#DIV/0!,#DIV/0!,,,08월 10일,221,31,11,14.03%,4.98%,,,07월 10일,231,41,12,17.75%,5.19%,,,05월 10일,210,42,11,20.00%,5.24%
,1139779066,컬러커버틴트,10월 10일,,,,#DIV/0!,#DIV/0!,,,08월 10일,576,112,43,19.44%,7.47%,,,07월 10일,400,89,25,22.25%,6.25%,,,05월 10일,653,172,57,26.34%,8.73%
,1082531220,쉐딩스틱,10월 10일,,,,#DIV/0!,#DIV/0!,,,08월 10일,152,15,6,9.87%,3.95%,,,07월 10일,213,33,16,15.49%,7.51%,,,05월 10일,143,12,3,8.39%,2.10%
,1082531222,애교살 메이커,10월 10일,,,,#DIV/0!,#DIV/0!,,,08월 10일,132,28,10,21.21%,7.58%,,,07월 10일,136,16,7,11.76%,5.15%,,,05월 10일,126,12,9,9.52%,7.14%
,1116473754,누디블러틴트,10월 10일,,,,#DIV/0!,#DIV/0!,,,08월 10일,,,,,,,,07월 10일,,,,,,,,05월 10일,,,,,
,1135003693,탕후루 밀크,10월 10일,,,,#DIV/0!,#DIV/0!,,,08월 10일,,,,,,,,07월 10일,,,,,,,,05월 10일,,,,,
,1145801171,짱구 특가,10월 10일,,,,#DIV/0!,#DIV/0!,,,08월 10일,,,,,,,,07월 10일,,,,,,,,05월 10일,,,,,
,1145455669,립 듀오 세트,10월 11일,,,,,,,,08월 11일,3,0,0,0.00%,0.00%,,,07월 11일,76,8,3,10.53%,3.95%,,,05월 11일,6,0,0,0.00%,0.00%
,1189084084,탕후루 딥글레이즈,10월 11일,,,,#DIV/0!,#DIV/0!,,,08월 11일,231,36,11,15.58%,4.76%,,,07월 11일,209,36,12,17.22%,5.74%,,,05월 11일,164,18,4,10.98%,2.44%
,1139779066,컬러커버틴트,10월 11일,,,,#DIV/0!,#DIV/0!,,,08월 11일,858,146,55,17.02%,6.41%,,,07월 11일,478,68,17,14.23%,3.56%,,,05월 11일,577,136,47,23.57%,8.15%
,1082531220,쉐딩스틱,10월 11일,,,,#DIV/0!,#DIV/0!,,,08월 11일,127,27,7,21.26%,5.51%,,,07월 11일,185,34,16,18.38%,8.65%,,,05월 11일,150,11,5,7.33%,3.33%
,1082531222,애교살 메이커,10월 11일,,,,#DIV/0!,#DIV/0!,,,08월 11일,161,25,9,15.53%,5.59%,,,07월 11일,121,13,2,10.74%,1.65%,,,05월 11일,99,7,2,7.07%,2.02%
,1116473754,누디블러틴트,10월 11일,,,,#DIV/0!,#DIV/0!,,,08월 11일,,,,,,,,07월 11일,,,,,,,,05월 11일,,,,,
,1135003693,탕후루 밀크,10월 11일,,,,#DIV/0!,#DIV/0!,,,08월 11일,,,,,,,,07월 11일,,,,,,,,05월 11일,,,,,
,1145801171,짱구 특가,10월 11일,,,,#DIV/0!,#DIV/0!,,,08월 11일,,,,,,,,07월 11일,,,,,,,,05월 11일,,,,,
,1145455669,립 듀오 세트,10월 12일,,,,,,,,08월 12일,2,0,0,0.00%,0.00%,,,07월 12일,68,8,1,11.76%,1.47%,,,05월 12일,3,0,0,0.00%,0.00%
,1189084084,탕후루 딥글레이즈,10월 12일,,,,#DIV/0!,#DIV/0!,,,08월 12일,235,38,10,16.17%,4.26%,,,07월 12일,237,38,10,16.03%,4.22%,,,05월 12일,167,26,8,15.57%,4.79%
,1139779066,컬러커버틴트,10월 12일,,,,#DIV/0!,#DIV/0!,,,08월 12일,926,153,47,16.52%,5.08%,,,07월 12일,483,94,30,19.46%,6.21%,,,05월 12일,772,161,59,20.85%,7.64%
,1082531220,쉐딩스틱,10월 12일,,,,#DIV/0!,#DIV/0!,,,08월 12일,190,33,12,17.37%,6.32%,,,07월 12일,236,29,16,12.29%,6.78%,,,05월 12일,119,22,9,18.49%,7.56%
,1082531222,애교살 메이커,10월 12일,,,,#DIV/0!,#DIV/0!,,,08월 12일,150,23,7,15.33%,4.67%,,,07월 12일,134,11,4,8.21%,2.99%,,,05월 12일,75,12,3,16.00%,4.00%
,1116473754,누디블러틴트,10월 12일,,,,#DIV/0!,#DIV/0!,,,08월 12일,,,,,,,,07월 12일,,,,,,,,05월 12일,,,,,
,1135003693,탕후루 밀크,10월 12일,,,,#DIV/0!,#DIV/0!,,,08월 12일,,,,,,,,07월 12일,,,,,,,,05월 12일,,,,,
,1145801171,짱구 특가,10월 12일,,,,#DIV/0!,#DIV/0!,,,08월 12일,,,,,,,,07월 12일,,,,,,,,05월 12일,,,,,