,,,,,,,,,,,,,,,,,,,,,,,,
event,code,제품,date,유입,장바구니,구매,장바구니 전환율,구매 전환율,,event,date,유입,장바구니,구매,장바구니 전환율,구매 전환율,,event,date,유입,장바구니,구매,장바구니 전환율,구매 전환율
Teaser Start,1150901464,갸루키티세트,08월 24일,,,,,,,,05월 25일,,,,,,,,02월 23일,,,,,
,1154100423,헬밤스틱,08월 24일,,,,,,,,05월 25일,,,,,,,,02월 23일,,,,,
,1125191395,철벽베이스세트,08월 24일,,,,,,,,05월 25일,,,,,,,,02월 23일,,,,,
,1040221567,소블아,08월 24일,"9,608",640,19,6.66%,0.20%,,,05월 25일,"27,864",571,8,2.05%,0.03%,,,02월 23일,"21,050","1,105",241,5.25%,1.14%
,1048694474,파데브러시,08월 24일,"2,410",233,12,9.67%,0.50%,,,05월 25일,"4,443",119,5,2.68%,0.11%,,,02월 23일,"9,079",661,119,7.28%,1.31%
,1172283012,쉐블치,08월 24일,836,70,3,8.37%,0.36%,,,05월 25일,"2,551",26,0,1.02%,0.00%,,,02월 23일,"7,823",661,167,8.45%,2.13%
,1141569521,심리스파데,08월 24일,"3,048",148,6,4.86%,0.20%,,,05월 25일,"3,448",87,3,2.52%,0.09%,,,02월 23일,"15,725",647,116,4.11%,0.74%
,1207286666,래스팅 글로우 스틱,08월 24일,"1,564",74,3,4.73%,0.19%,,,05월 25일,,,,,,,,02월 23일,,,,,
,1212654466,퍼펙팅 쿠션,08월 24일,329,0,0,0.00%,0.00%,,,05월 25일,,,,,,,,02월 23일,,,,,
,1150901464,갸루키티세트,08월 25일,,,,,,,,05월 26일,,,,,,,,02월 24일,,,,,
,1154100423,헬밤스틱,08월 25일,,,,,,,,05월 26일,,,,,,,,02월 24일,,,,,
,1125191395,철벽베이스세트,08월 25일,,,,,,,,05월 26일,,,,,,,,02월 24일,,,,,
,1040221567,소블아,08월 25일,,,,#DIV/0!,#DIV/0!,,,05월 26일,"20,492",452,14,2.21%,0.07%,,,02월 24일,"18,422",281,10,1.53%,0.05%
,1048694474,파데브러시,08월 25일,,,,#DIV/0!,#DIV/0!,,,05월 26일,"4,503",167,8,3.71%,0.18%,,,02월 24일,"7,878",259,14,3.29%,0.18%
,1172283012,쉐블치,08월 25일,,,,#DIV/0!,#DIV/0!,,,05월 26일,188,25,1,13.30%,0.53%,,,02월 24일,"5,592",113,5,2.02%,0.09%
,1141569521,심리스파데,08월 25일,,,,#DIV/0!,#DIV/0!,,,05월 26일,"3,361",91,4,2.71%,0.12%,,,02월 24일,"10,062",173,10,1.72%,0.10%
,1207286666,래스팅 글로우 스틱,08월 25일,,,,#DIV/0!,#DIV/0!,,,05월 26일,,,,,,,,02월 24일,,,,,
,1212654466,퍼펙팅 쿠션,08월 25일,,,,#DIV/0!,#DIV/0!,,,05월 26일,,,,,,,,02월 24일,,,,,
,1150901464,갸루키티세트,08월 26일,,,,,,,,05월 27일,,,,,,,,02월 25일,,,,,
,1154100423,헬밤스틱,08월 26일,,,,,,,,05월 27일,,,,,,,,02월 25일,,,,,
,1125191395,철벽베이스세트,08월 26일,,,,,,,,05월 27일,,,,,,,,02월 25일,,,,,
,1040221567,소블아,08월 26일,,,,#DIV/0!,#DIV/0!,,,05월 27일,,,,#DIV/0!,#DIV/0!,,,02월 25일,,,,#DIV/0!,#DIV/0!
,1048694474,파데브러시,08월 26일,,,,#DIV/0!,#DIV/0!,,,05월 27일,,,,#DIV/0!,#DIV/0!,,,02월 25일,,,,#DIV/0!,#DIV/0!
,1172283012,쉐블치,08월 26일,,,,#DIV/0!,#DIV/0!,,,05월 27일,,,,#DIV/0!,#DIV/0!,,,02월 25일,,,,#DIV/0!,#DIV/0!
,1141569521,심리스파데,08월 26일,,,,#DIV/0!,#DIV/0!,,,05월 27일,,,,#DIV/0!,#DIV/0!,,,02월 25일,,,,#DIV/0!,#DIV/0!
,1207286666,래스팅 글로우 스틱,08월 26일,,,,#DIV/0!,#DIV/0!,,,05월 27일,,,,,,,,02월 25일,,,,,
,1212654466,퍼펙팅 쿠션,08월 26일,,,,#DIV/0!,#DIV/0!,,,05월 27일,,,,,,,,02월 25일,,,,,
,1150901464,갸루키티세트,08월 27일,,,,,,,,05월 28일,,,,,,,,02월 26일,,,,,
,1154100423,헬밤스틱,08월 27일,,,,,,,,05월 28일,,,,,,,,02월 26일,,,,,
,1125191395,철벽베이스세트,08월 27일,,,,,,,,05월 28일,,,,,,,,02월 26일,,,,,
,1040221567,소블아,08월 27일,,,,#DIV/0!,#DIV/0!,,,05월 28일,,,,#DIV/0!,#DIV/0!,,,02월 26일,,,,#DIV/0!,#DIV/0!
,1048694474,파데브러시,08월 27일,,,,#DIV/0!,#DIV/0!,,,05월 28일,,,,#DIV/0!,#DIV/0!,,,02월 26일,,,,#DIV/0!,#DIV/0!
,1172283012,쉐블치,08월 27일,,,,#DIV/0!,#DIV/0!,,,05월 28일,,,,#DIV/0!,#DIV/0!,,,02월 26일,,,,#DIV/0!,#DIV/0!
,1141569521,심리스파데,08월 27일,,,,#DIV/0!,#DIV/0!,,,05월 28일,,,,#DIV/0!,#DIV/0!,,,02월 26일,,,,#DIV/0!,#DIV/0!
,1207286666,래스팅 글로우 스틱,08월 27일,,,,#DIV/0!,#DIV/0!,,,05월 28일,,,,,,,,02월 26일,,,,,
,1212654466,퍼펙팅 쿠션,08월 27일,,,,#DIV/0!,#DIV/0!,,,05월 28일,,,,,,,,02월 26일,,,,,
2609 MEGAWARI,1150901464,갸루키티세트,08월 28일,,,,,,,2606 MEGAWARI,05월 29일,"31,900","6,747","3,833",21.15%,12.02%,,2603 MEGAWARI,02월 27일,"18,607","5,287","2,913",28.41%,15.66%
2609 MEGAWARI,1154100423,헬밤스틱,08월 28일,,,,,,,2606 MEGAWARI,05월 29일,"7,893","1,992","1,202",25.24%,15.23%,,2603 MEGAWARI,02월 27일,"9,787",936,415,9.56%,4.24%
2609 MEGAWARI,1125191395,철벽베이스세트,08월 28일,,,,,,,2606 MEGAWARI,05월 29일,"2,485",117,57,4.71%,2.29%,,2603 MEGAWARI,02월 27일,0,0,0,,
2609 MEGAWARI,1040221567,소블아,08월 28일,,,,#DIV/0!,#DIV/0!,,2606 MEGAWARI,05월 29일,"125,974","22,845","11,725",18.13%,9.31%,,2603 MEGAWARI,02월 27일,"62,921","13,451","6,413",21.38%,10.19%
2609 MEGAWARI,1048694474,파데브러시,08월 28일,,,,#DIV/0!,#DIV/0!,,2606 MEGAWARI,05월 29일,"22,750","6,611","3,188",29.06%,14.01%,,2603 MEGAWARI,02월 27일,"19,362","5,873","2,583",30.33%,13.34%
2609 MEGAWARI,1172283012,쉐블치,08월 28일,,,,#DIV/0!,#DIV/0!,,2606 MEGAWARI,05월 29일,"18,906","4,813","2,803",25.46%,14.83%,,2603 MEGAWARI,02월 27일,"13,745","3,273","1,600",23.81%,11.64%
2609 MEGAWARI,1141569521,심리스파데,08월 28일,,,,#DIV/0!,#DIV/0!,,2606 MEGAWARI,05월 29일,"15,027","2,996","1,497",19.94%,9.96%,,2603 MEGAWARI,02월 27일,"28,606","4,497","2,183",15.72%,7.63%
2609 MEGAWARI,1207286666,래스팅 글로우 스틱,08월 28일,,,,#DIV/0!,#DIV/0!,,2606 MEGAWARI,05월 29일,,,,,,,2603 MEGAWARI,02월 27일,,,,,
2609 MEGAWARI,1212654466,퍼펙팅 쿠션,08월 28일,,,,#DIV/0!,#DIV/0!,,2606 MEGAWARI,05월 29일,,,,,,,2603 MEGAWARI,02월 27일,,,,,
2609 MEGAWARI,1150901464,갸루키티세트,08월 29일,,,,,,,2606 MEGAWARI,05월 30일,"25,537","3,659","1,427",14.33%,5.59%,,2603 MEGAWARI,02월 28일,"11,881",0,0,0.00%,0.00%
2609 MEGAWARI,1154100423,헬밤스틱,08월 29일,,,,,,,2606 MEGAWARI,05월 30일,"6,828","1,334",611,19.54%,8.95%,,2603 MEGAWARI,02월 28일,"10,060",355,127,3.53%,1.26%
2609 MEGAWARI,1125191395,철벽베이스세트,08월 29일,,,,,,,2606 MEGAWARI,05월 30일,"2,204",98,29,4.45%,1.32%,,2603 MEGAWARI,02월 28일,0,0,0,,
2609 MEGAWARI,1040221567,소블아,08월 29일,,,,#DIV/0!,#DIV/0!,,2606 MEGAWARI,05월 30일,"134,171","18,583","7,273",13.85%,5.42%,,2603 MEGAWARI,02월 28일,"90,716","12,093","4,517",13.33%,4.98%
2609 MEGAWARI,1048694474,파데브러시,08월 29일,,,,#DIV/0!,#DIV/0!,,2606 MEGAWARI,05월 30일,"19,134","4,202","1,473",21.96%,7.70%,,2603 MEGAWARI,02월 28일,"33,653","9,299","4,487",27.63%,13.33%
2609 MEGAWARI,1172283012,쉐블치,08월 29일,,,,#DIV/0!,#DIV/0!,,2606 MEGAWARI,05월 30일,"14,103","2,970","1,346",21.06%,9.54%,,2603 MEGAWARI,02월 28일,"13,737",979,326,7.13%,2.37%
2609 MEGAWARI,1141569521,심리스파데,08월 29일,,,,#DIV/0!,#DIV/0!,,2606 MEGAWARI,05월 30일,"11,529","2,145",822,18.61%,7.13%,,2603 MEGAWARI,02월 28일,"28,904","4,422","1,708",15.30%,5.91%
2609 MEGAWARI,1207286666,래스팅 글로우 스틱,08월 29일,,,,#DIV/0!,#DIV/0!,,2606 MEGAWARI,05월 30일,,,,,,,2603 MEGAWARI,02월 28일,,,,,
2609 MEGAWARI,1212654466,퍼펙팅 쿠션,08월 29일,,,,#DIV/0!,#DIV/0!,,2606 MEGAWARI,05월 30일,,,,,,,2603 MEGAWARI,02월 28일,,,,,
2609 MEGAWARI,1150901464,갸루키티세트,08월 30일,,,,,,,2606 MEGAWARI,05월 31일,"12,994","1,563",572,12.03%,4.40%,,2603 MEGAWARI,03월 01일,"6,102",0,0,0.00%,0.00%
2609 MEGAWARI,1154100423,헬밤스틱,08월 30일,,,,,,,2606 MEGAWARI,05월 31일,"3,999",554,250,13.85%,6.25%,,2603 MEGAWARI,03월 01일,"5,653",280,93,4.95%,1.65%
2609 MEGAWARI,1125191395,철벽베이스세트,08월 30일,,,,,,,2606 MEGAWARI,05월 31일,"1,435",60,16,4.18%,1.11%,,2603 MEGAWARI,03월 01일,0,0,0,,
2609 MEGAWARI,1040221567,소블아,08월 30일,,,,#DIV/0!,#DIV/0!,,2606 MEGAWARI,05월 31일,"65,607","8,471","3,673",12.91%,5.60%,,2603 MEGAWARI,03월 01일,"58,448","6,651","2,945",11.38%,5.04%
2609 MEGAWARI,1048694474,파데브러시,08월 30일,,,,#DIV/0!,#DIV/0!,,2606 MEGAWARI,05월 31일,"11,958","2,434",846,20.35%,7.07%,,2603 MEGAWARI,03월 01일,"17,952","3,312","1,212",18.45%,6.75%
2609 MEGAWARI,1172283012,쉐블치,08월 30일,,,,#DIV/0!,#DIV/0!,,2606 MEGAWARI,05월 31일,"8,373","1,415",646,16.90%,7.72%,,2603 MEGAWARI,03월 01일,"6,648",351,140,5.28%,2.11%
2609 MEGAWARI,1141569521,심리스파데,08월 30일,,,,#DIV/0!,#DIV/0!,,2606 MEGAWARI,05월 31일,"8,983","1,282",486,14.27%,5.41%,,2603 MEGAWARI,03월 01일,"49,988","7,239","4,426",14.48%,8.85%
2609 MEGAWARI,1207286666,래스팅 글로우 스틱,08월 30일,,,,#DIV/0!,#DIV/0!,,2606 MEGAWARI,05월 31일,,,,,,,2603 MEGAWARI,03월 01일,,,,,
2609 MEGAWARI,1212654466,퍼펙팅 쿠션,08월 30일,,,,#DIV/0!,#DIV/0!,,2606 MEGAWARI,05월 31일,,,,,,,2603 MEGAWARI,03월 01일,,,,,
2609 MEGAWARI,1150901464,갸루키티세트,08월 31일,,,,,,,2606 MEGAWARI,06월 01일,"10,266","1,066",527,10.38%,5.13%,,2603 MEGAWARI,03월 02일,"2,627",0,0,0.00%,0.00%
2609 MEGAWARI,1154100423,헬밤스틱,08월 31일,,,,,,,2606 MEGAWARI,06월 01일,"2,569",493,284,19.19%,11.05%,,2603 MEGAWARI,03월 02일,"3,083",132,43,4.28%,1.39%
2609 MEGAWARI,1125191395,철벽베이스세트,08월 31일,,,,,,,2606 MEGAWARI,06월 01일,819,42,17,5.13%,2.08%,,2603 MEGAWARI,03월 02일,0,0,0,,
2609 MEGAWARI,1040221567,소블아,08월 31일,,,,#DIV/0!,#DIV/0!,,2606 MEGAWARI,06월 01일,"58,685","6,915","3,697",11.78%,6.30%,,2603 MEGAWARI,03월 02일,"30,140","2,641","1,041",8.76%,3.45%
2609 MEGAWARI,1048694474,파데브러시,08월 31일,,,,#DIV/0!,#DIV/0!,,2606 MEGAWARI,06월 01일,"9,303","1,932",835,20.77%,8.98%,,2603 MEGAWARI,03월 02일,"8,122","1,384",527,17.04%,6.49%
2609 MEGAWARI,1172283012,쉐블치,08월 31일,,,,#DIV/0!,#DIV/0!,,2606 MEGAWARI,06월 01일,"6,030","1,105",663,18.33%,11.00%,,2603 MEGAWARI,03월 02일,"3,687",151,59,4.10%,1.60%
2609 MEGAWARI,1141569521,심리스파데,08월 31일,,,,#DIV/0!,#DIV/0!,,2606 MEGAWARI,06월 01일,"6,057",896,492,14.79%,8.12%,,2603 MEGAWARI,03월 02일,"15,013","1,849",816,12.32%,5.44%
2609 MEGAWARI,1207286666,래스팅 글로우 스틱,08월 31일,,,,#DIV/0!,#DIV/0!,,2606 MEGAWARI,06월 01일,,,,,,,2603 MEGAWARI,03월 02일,,,,,
2609 MEGAWARI,1212654466,퍼펙팅 쿠션,08월 31일,,,,#DIV/0!,#DIV/0!,,2606 MEGAWARI,06월 01일,,,,,,,2603 MEGAWARI,03월 02일,,,,,
2609 MEGAWARI,1150901464,갸루키티세트,09월 01일,,,,,,,2606 MEGAWARI,06월 02일,"9,639",731,353,7.58%,3.66%,,2603 MEGAWARI,03월 03일,"2,442",0,0,0.00%,0.00%
2609 MEGAWARI,1154100423,헬밤스틱,09월 01일,,,,,,,2606 MEGAWARI,06월 02일,"3,330",330,207,9.91%,6.22%,,2603 MEGAWARI,03월 03일,"2,636",114,47,4.32%,1.78%
2609 MEGAWARI,1125191395,철벽베이스세트,09월 01일,,,,,,,2606 MEGAWARI,06월 02일,867,40,17,4.61%,1.96%,,2603 MEGAWARI,03월 03일,0,0,0,,
2609 MEGAWARI,1040221567,소블아,09월 01일,,,,#DIV/0!,#DIV/0!,,2606 MEGAWARI,06월 02일,"41,366","5,392","3,452",13.03%,8.35%,,2603 MEGAWARI,03월 03일,"29,758","2,944","1,282",9.89%,4.31%
2609 MEGAWARI,1048694474,파데브러시,09월 01일,,,,#DIV/0!,#DIV/0!,,2606 MEGAWARI,06월 02일,"8,643","1,771",896,20.49%,10.37%,,2603 MEGAWARI,03월 03일,"7,767","1,271",588,16.36%,7.57%
2609 MEGAWARI,1172283012,쉐블치,09월 01일,,,,#DIV/0!,#DIV/0!,,2606 MEGAWARI,06월 02일,"5,732",958,586,16.71%,10.22%,,2603 MEGAWARI,03월 03일,"3,238",160,61,4.94%,1.88%
2609 MEGAWARI,1141569521,심리스파데,09월 01일,,,,#DIV/0!,#DIV/0!,,2606 MEGAWARI,06월 02일,"6,709",839,505,12.51%,7.53%,,2603 MEGAWARI,03월 03일,"12,162","1,399",739,11.50%,6.08%
2609 MEGAWARI,1207286666,래스팅 글로우 스틱,09월 01일,,,,#DIV/0!,#DIV/0!,,2606 MEGAWARI,06월 02일,,,,,,,2603 MEGAWARI,03월 03일,,,,,
2609 MEGAWARI,1212654466,퍼펙팅 쿠션,09월 01일,,,,#DIV/0!,#DIV/0!,,2606 MEGAWARI,06월 02일,,,,,,,2603 MEGAWARI,03월 03일,,,,,
2609 MEGAWARI,1150901464,갸루키티세트,09월 02일,,,,,,,2606 MEGAWARI,06월 03일,"8,759",683,239,7.80%,2.73%,,2603 MEGAWARI,03월 04일,"2,532",0,0,0.00%,0.00%
2609 MEGAWARI,1154100423,헬밤스틱,09월 02일,,,,,,,2606 MEGAWARI,06월 03일,"3,594",343,148,9.54%,4.12%,,2603 MEGAWARI,03월 04일,"4,664",139,57,2.98%,1.22%
2609 MEGAWARI,1125191395,철벽베이스세트,09월 02일,,,,,,,2606 MEGAWARI,06월 03일,"1,384",45,15,3.25%,1.08%,,2603 MEGAWARI,03월 04일,0,0,0,,
2609 MEGAWARI,1040221567,소블아,09월 02일,,,,#DIV/0!,#DIV/0!,,2606 MEGAWARI,06월 03일,"33,913","4,918","2,397",14.50%,7.07%,,2603 MEGAWARI,03월 04일,"49,581","5,106","2,697",10.30%,5.44%
2609 MEGAWARI,1048694474,파데브러시,09월 02일,,,,#DIV/0!,#DIV/0!,,2606 MEGAWARI,06월 03일,"8,648","2,026",760,23.43%,8.79%,,2603 MEGAWARI,03월 04일,"7,926","1,491",607,18.81%,7.66%
2609 MEGAWARI,1172283012,쉐블치,09월 02일,,,,#DIV/0!,#DIV/0!,,2606 MEGAWARI,06월 03일,"6,357",957,414,15.05%,6.51%,,2603 MEGAWARI,03월 04일,"3,645",225,67,6.17%,1.84%
2609 MEGAWARI,1141569521,심리스파데,09월 02일,,,,#DIV/0!,#DIV/0!,,2606 MEGAWARI,06월 03일,"6,436","1,003",413,15.58%,6.42%,,2603 MEGAWARI,03월 04일,"10,736","1,076",431,10.02%,4.01%
2609 MEGAWARI,1207286666,래스팅 글로우 스틱,09월 02일,,,,#DIV/0!,#DIV/0!,,2606 MEGAWARI,06월 03일,,,,,,,2603 MEGAWARI,03월 04일,,,,,
2609 MEGAWARI,1212654466,퍼펙팅 쿠션,09월 02일,,,,#DIV/0!,#DIV/0!,,2606 MEGAWARI,06월 03일,,,,,,,2603 MEGAWARI,03월 04일,,,,,
2609 MEGAWARI,1150901464,갸루키티세트,09월 03일,,,,,,,2606 MEGAWARI,06월 04일,"7,104",387,122,5.45%,1.72%,,2603 MEGAWARI,03월 05일,"2,927",0,0,0.00%,0.00%
2609 MEGAWARI,1154100423,헬밤스틱,09월 03일,,,,,,,2606 MEGAWARI,06월 04일,"2,700",265,131,9.81%,4.85%,,2603 MEGAWARI,03월 05일,"2,415",119,52,4.93%,2.15%
2609 MEGAWARI,1125191395,철벽베이스세트,09월 03일,,,,,,,2606 MEGAWARI,06월 04일,873,55,12,6.30%,1.37%,,2603 MEGAWARI,03월 05일,0,0,0,,
2609 MEGAWARI,1040221567,소블아,09월 03일,,,,#DIV/0!,#DIV/0!,,2606 MEGAWARI,06월 04일,"33,997","4,165","2,010",12.25%,5.91%,,2603 MEGAWARI,03월 05일,"25,473","1,896",707,7.44%,2.78%
2609 MEGAWARI,1048694474,파데브러시,09월 03일,,,,#DIV/0!,#DIV/0!,,2606 MEGAWARI,06월 04일,"7,257","1,399",579,19.28%,7.98%,,2603 MEGAWARI,03월 05일,"6,354","1,017",368,16.01%,5.79%
2609 MEGAWARI,1172283012,쉐블치,09월 03일,,,,#DIV/0!,#DIV/0!,,2606 MEGAWARI,06월 04일,"5,692",784,376,13.77%,6.61%,,2603 MEGAWARI,03월 05일,"5,782",449,192,7.77%,3.32%
2609 MEGAWARI,1141569521,심리스파데,09월 03일,,,,#DIV/0!,#DIV/0!,,2606 MEGAWARI,06월 04일,"6,430",797,354,12.40%,5.51%,,2603 MEGAWARI,03월 05일,"10,191",904,385,8.87%,3.78%
2609 MEGAWARI,1207286666,래스팅 글로우 스틱,09월 03일,,,,#DIV/0!,#DIV/0!,,2606 MEGAWARI,06월 04일,,,,,,,2603 MEGAWARI,03월 05일,,,,,
2609 MEGAWARI,1212654466,퍼펙팅 쿠션,09월 03일,,,,#DIV/0!,#DIV/0!,,2606 MEGAWARI,06월 04일,,,,,,,2603 MEGAWARI,03월 05일,,,,,
2609 MEGAWARI,1150901464,갸루키티세트,09월 04일,,,,,,,2606 MEGAWARI,06월 05일,"4,585",123,41,2.68%,0.89%,,2603 MEGAWARI,03월 06일,"2,568",0,0,0.00%,0.00%
2609 MEGAWARI,1154100423,헬밤스틱,09월 04일,,,,,,,2606 MEGAWARI,06월 05일,"1,897",195,105,10.28%,5.54%,,2603 MEGAWARI,03월 06일,"4,403","1,199",682,27.23%,15.49%
2609 MEGAWARI,1125191395,철벽베이스세트,09월 04일,,,,,,,2606 MEGAWARI,06월 05일,696,32,10,4.60%,1.44%,,2603 MEGAWARI,03월 06일,0,0,0,,
2609 MEGAWARI,1040221567,소블아,09월 04일,,,,#DIV/0!,#DIV/0!,,2606 MEGAWARI,06월 05일,"24,706","2,495","1,339",10.10%,5.42%,,2603 MEGAWARI,03월 06일,"23,473","1,887",789,8.04%,3.36%
2609 MEGAWARI,1048694474,파데브러시,09월 04일,,,,#DIV/0!,#DIV/0!,,2606 MEGAWARI,06월 05일,"5,109","1,046",440,20.47%,8.61%,,2603 MEGAWARI,03월 06일,"9,067",970,352,10.70%,3.88%
2609 MEGAWARI,1172283012,쉐블치,09월 04일,,,,#DIV/0!,#DIV/0!,,2606 MEGAWARI,06월 05일,"4,077",444,219,10.89%,5.37%,,2603 MEGAWARI,03월 06일,"4,678",290,128,6.20%,2.74%
2609 MEGAWARI,1141569521,심리스파데,09월 04일,,,,#DIV/0!,#DIV/0!,,2606 MEGAWARI,06월 05일,"4,458",513,242,11.51%,5.43%,,2603 MEGAWARI,03월 06일,"8,774","1,168",541,13.31%,6.17%
2609 MEGAWARI,1207286666,래스팅 글로우 스틱,09월 04일,,,,#DIV/0!,#DIV/0!,,2606 MEGAWARI,06월 05일,,,,,,,2603 MEGAWARI,03월 06일,,,,,
2609 MEGAWARI,1212654466,퍼펙팅 쿠션,09월 04일,,,,#DIV/0!,#DIV/0!,,2606 MEGAWARI,06월 05일,,,,,,,2603 MEGAWARI,03월 06일,,,,,
2609 MEGAWARI,1150901464,갸루키티세트,09월 05일,,,,,,,2606 MEGAWARI,06월 06일,"4,959",116,50,2.34%,1.01%,,2603 MEGAWARI,03월 07일,"1,214",0,0,0.00%,0.00%
2609 MEGAWARI,1154100423,헬밤스틱,09월 05일,,,,,,,2606 MEGAWARI,06월 06일,"2,132",184,130,8.63%,6.10%,,2603 MEGAWARI,03월 07일,"5,862","1,080",593,18.42%,10.12%
2609 MEGAWARI,1125191395,철벽베이스세트,09월 05일,,,,,,,2606 MEGAWARI,06월 06일,605,33,11,5.45%,1.82%,,2603 MEGAWARI,03월 07일,0,0,0,,
2609 MEGAWARI,1040221567,소블아,09월 05일,,,,#DIV/0!,#DIV/0!,,2606 MEGAWARI,06월 06일,"24,289","2,824","1,944",11.63%,8.00%,,2603 MEGAWARI,03월 07일,"24,324","1,560",748,6.41%,3.08%
2609 MEGAWARI,1048694474,파데브러시,09월 05일,,,,#DIV/0!,#DIV/0!,,2606 MEGAWARI,06월 06일,"5,988","1,230",668,20.54%,11.16%,,2603 MEGAWARI,03월 07일,"7,278","1,174",514,16.13%,7.06%
2609 MEGAWARI,1172283012,쉐블치,09월 05일,,,,#DIV/0!,#DIV/0!,,2606 MEGAWARI,06월 06일,"4,678",568,364,12.14%,7.78%,,2603 MEGAWARI,03월 07일,"4,808",205,84,4.26%,1.75%
2609 MEGAWARI,1141569521,심리스파데,09월 05일,,,,#DIV/0!,#DIV/0!,,2606 MEGAWARI,06월 06일,"4,084",617,383,15.11%,9.38%,,2603 MEGAWARI,03월 07일,"17,411","1,096",452,6.29%,2.60%
2609 MEGAWARI,1207286666,래스팅 글로우 스틱,09월 05일,,,,#DIV/0!,#DIV/0!,,2606 MEGAWARI,06월 06일,,,,,,,2603 MEGAWARI,03월 07일,,,,,
2609 MEGAWARI,1212654466,퍼펙팅 쿠션,09월 05일,,,,#DIV/0!,#DIV/0!,,2606 MEGAWARI,06월 06일,,,,,,,2603 MEGAWARI,03월 07일,,,,,
2609 MEGAWARI,1150901464,갸루키티세트,09월 06일,,,,,,,2606 MEGAWARI,06월 07일,"4,819",107,40,2.22%,0.83%,,2603 MEGAWARI,03월 08일,621,0,0,0.00%,0.00%
2609 MEGAWARI,1154100423,헬밤스틱,09월 06일,,,,,,,2606 MEGAWARI,06월 07일,"2,430",284,144,11.69%,5.93%,,2603 MEGAWARI,03월 08일,"4,224",501,244,11.86%,5.78%
2609 MEGAWARI,1125191395,철벽베이스세트,09월 06일,,,,,,,2606 MEGAWARI,06월 07일,736,34,13,4.62%,1.77%,,2603 MEGAWARI,03월 08일,0,0,0,,
2609 MEGAWARI,1040221567,소블아,09월 06일,,,,#DIV/0!,#DIV/0!,,2606 MEGAWARI,06월 07일,"24,828","2,705","1,316",10.89%,5.30%,,2603 MEGAWARI,03월 08일,"18,217","1,165",499,6.40%,2.74%
2609 MEGAWARI,1048694474,파데브러시,09월 06일,,,,#DIV/0!,#DIV/0!,,2606 MEGAWARI,06월 07일,"6,146","1,309",510,21.30%,8.30%,,2603 MEGAWARI,03월 08일,"5,708","1,027",381,17.99%,6.67%
2609 MEGAWARI,1172283012,쉐블치,09월 06일,,,,#DIV/0!,#DIV/0!,,2606 MEGAWARI,06월 07일,"4,582",591,285,12.90%,6.22%,,2603 MEGAWARI,03월 08일,"2,835",199,74,7.02%,2.61%
2609 MEGAWARI,1141569521,심리스파데,09월 06일,,,,#DIV/0!,#DIV/0!,,2606 MEGAWARI,06월 07일,"8,801",771,344,8.76%,3.91%,,2603 MEGAWARI,03월 08일,"11,560","1,528",959,13.22%,8.30%
2609 MEGAWARI,1207286666,래스팅 글로우 스틱,09월 06일,,,,#DIV/0!,#DIV/0!,,2606 MEGAWARI,06월 07일,,,,,,,2603 MEGAWARI,03월 08일,,,,,
2609 MEGAWARI,1212654466,퍼펙팅 쿠션,09월 06일,,,,#DIV/0!,#DIV/0!,,2606 MEGAWARI,06월 07일,,,,,,,2603 MEGAWARI,03월 08일,,,,,
2609 MEGAWARI,1150901464,갸루키티세트,09월 07일,,,,,,,2606 MEGAWARI,06월 08일,"4,585",68,14,1.48%,0.31%,,2603 MEGAWARI,03월 09일,548,0,0,0.00%,0.00%
2609 MEGAWARI,1154100423,헬밤스틱,09월 07일,,,,,,,2606 MEGAWARI,06월 08일,"1,825",253,125,13.86%,6.85%,,2603 MEGAWARI,03월 09일,"2,336",114,49,4.88%,2.10%
2609 MEGAWARI,1125191395,철벽베이스세트,09월 07일,,,,,,,2606 MEGAWARI,06월 08일,489,23,7,4.70%,1.43%,,2603 MEGAWARI,03월 09일,0,0,0,,
2609 MEGAWARI,1040221567,소블아,09월 07일,,,,#DIV/0!,#DIV/0!,,2606 MEGAWARI,06월 08일,"18,727","2,068","1,041",11.04%,5.56%,,2603 MEGAWARI,03월 09일,"13,265",894,369,6.74%,2.78%
2609 MEGAWARI,1048694474,파데브러시,09월 07일,,,,#DIV/0!,#DIV/0!,,2606 MEGAWARI,06월 08일,"4,003",764,322,19.09%,8.04%,,2603 MEGAWARI,03월 09일,"5,320","1,271",546,23.89%,10.26%
2609 MEGAWARI,1172283012,쉐블치,09월 07일,,,,#DIV/0!,#DIV/0!,,2606 MEGAWARI,06월 08일,"3,899",378,201,9.69%,5.16%,,2603 MEGAWARI,03월 09일,"1,870",126,57,6.74%,3.05%
2609 MEGAWARI,1141569521,심리스파데,09월 07일,,,,#DIV/0!,#DIV/0!,,2606 MEGAWARI,06월 08일,"3,253",418,202,12.85%,6.21%,,2603 MEGAWARI,03월 09일,"7,332",583,281,7.95%,3.83%
2609 MEGAWARI,1207286666,래스팅 글로우 스틱,09월 07일,,,,#DIV/0!,#DIV/0!,,2606 MEGAWARI,06월 08일,,,,,,,2603 MEGAWARI,03월 09일,,,,,
2609 MEGAWARI,1212654466,퍼펙팅 쿠션,09월 07일,,,,#DIV/0!,#DIV/0!,,2606 MEGAWARI,06월 08일,,,,,,,2603 MEGAWARI,03월 09일,,,,,
2609 MEGAWARI,1150901464,갸루키티세트,09월 08일,,,,,,,2606 MEGAWARI,06월 09일,"5,344",102,38,1.91%,0.71%,,2603 MEGAWARI,03월 10일,501,0,0,0.00%,0.00%
2609 MEGAWARI,1154100423,헬밤스틱,09월 08일,,,,,,,2606 MEGAWARI,06월 09일,"2,104",288,160,13.69%,7.60%,,2603 MEGAWARI,03월 10일,"2,645",308,177,11.64%,6.69%
2609 MEGAWARI,1125191395,철벽베이스세트,09월 08일,,,,,,,2606 MEGAWARI,06월 09일,597,19,7,3.18%,1.17%,,2603 MEGAWARI,03월 10일,,,,,
2609 MEGAWARI,1040221567,소블아,09월 08일,,,,#DIV/0!,#DIV/0!,,2606 MEGAWARI,06월 09일,"23,462","2,259","1,304",9.63%,5.56%,,2603 MEGAWARI,03월 10일,"12,807","1,030",531,8.04%,4.15%
2609 MEGAWARI,1048694474,파데브러시,09월 08일,,,,#DIV/0!,#DIV/0!,,2606 MEGAWARI,06월 09일,"4,916",954,495,19.41%,10.07%,,2603 MEGAWARI,03월 10일,"4,661",839,365,18.00%,7.83%
2609 MEGAWARI,1172283012,쉐블치,09월 08일,,,,#DIV/0!,#DIV/0!,,2606 MEGAWARI,06월 09일,"4,309",493,247,11.44%,5.73%,,2603 MEGAWARI,03월 10일,"1,840",195,77,10.60%,4.18%
2609 MEGAWARI,1141569521,심리스파데,09월 08일,,,,#DIV/0!,#DIV/0!,,2606 MEGAWARI,06월 09일,"3,557",476,296,13.38%,8.32%,,2603 MEGAWARI,03월 10일,"6,669",607,306,9.10%,4.59%
2609 MEGAWARI,1207286666,래스팅 글로우 스틱,09월 08일,,,,#DIV/0!,#DIV/0!,,2606 MEGAWARI,06월 09일,,,,,,,2603 MEGAWARI,03월 10일,,,,,
2609 MEGAWARI,1212654466,퍼펙팅 쿠션,09월 08일,,,,#DIV/0!,#DIV/0!,,2606 MEGAWARI,06월 09일,,,,,,,2603 MEGAWARI,03월 10일,,,,,
2609 MEGAWARI,1150901464,갸루키티세트,09월 09일,,,,,,,2606 MEGAWARI,06월 10일,"5,708",122,53,2.14%,0.93%,,2603 MEGAWARI,03월 11일,460,0,0,0.00%,0.00%
2609 MEGAWARI,1154100423,헬밤스틱,09월 09일,,,,,,,2606 MEGAWARI,06월 10일,"2,872",546,385,19.01%,13.41%,,2603 MEGAWARI,03월 11일,"2,282",253,172,11.09%,7.54%
2609 MEGAWARI,1125191395,철벽베이스세트,09월 09일,,,,,,,2606 MEGAWARI,06월 10일,809,32,20,3.96%,2.47%,,2603 MEGAWARI,03월 11일,,,,,
2609 MEGAWARI,1040221567,소블아,09월 09일,,,,#DIV/0!,#DIV/0!,,2606 MEGAWARI,06월 10일,"34,608","4,451","3,031",12.86%,8.76%,,2603 MEGAWARI,03월 11일,"17,289",864,531,5.00%,3.07%
2609 MEGAWARI,1048694474,파데브러시,09월 09일,,,,#DIV/0!,#DIV/0!,,2606 MEGAWARI,06월 10일,"9,023","2,067","1,348",22.91%,14.94%,,2603 MEGAWARI,03월 11일,"7,175","1,831","1,194",25.52%,16.64%
2609 MEGAWARI,1172283012,쉐블치,09월 09일,,,,#DIV/0!,#DIV/0!,,2606 MEGAWARI,06월 10일,"6,424","1,051",754,16.36%,11.74%,,2603 MEGAWARI,03월 11일,"2,317",242,120,10.44%,5.18%
2609 MEGAWARI,1141569521,심리스파데,09월 09일,,,,#DIV/0!,#DIV/0!,,2606 MEGAWARI,06월 10일,"5,313",929,756,17.49%,14.23%,,2603 MEGAWARI,03월 11일,"10,388","1,322",961,12.73%,9.25%
2609 MEGAWARI,1207286666,래스팅 글로우 스틱,09월 09일,,,,#DIV/0!,#DIV/0!,,2606 MEGAWARI,06월 10일,,,,,,,2603 MEGAWARI,03월 11일,,,,,
2609 MEGAWARI,1212654466,퍼펙팅 쿠션,09월 09일,,,,#DIV/0!,#DIV/0!,,2606 MEGAWARI,06월 10일,,,,,,,2603 MEGAWARI,03월 11일,,,,,